epoch,grad_norm_layers_0_weight,grad_norm_layers_0_bias,grad_norm_layers_1_weight,grad_norm_layers_1_bias,grad_norm_layers_2_weight,grad_norm_layers_2_bias,train_loss,test_loss,train_acc,test_acc,acc_gap,grokking_score,l2_layers_0_weight,eff_rank_layers_0_weight,condition_number_layers_0_weight,weight_dist_init_layers_0_weight,sign_stability_layers_0_weight,update_weight_ratio_layers_0_weight,l2_layers_0_bias,weight_dist_init_layers_0_bias,sign_stability_layers_0_bias,update_weight_ratio_layers_0_bias,l2_layers_1_weight,eff_rank_layers_1_weight,condition_number_layers_1_weight,weight_dist_init_layers_1_weight,sign_stability_layers_1_weight,update_weight_ratio_layers_1_weight,l2_layers_1_bias,weight_dist_init_layers_1_bias,sign_stability_layers_1_bias,update_weight_ratio_layers_1_bias,l2_layers_2_weight,eff_rank_layers_2_weight,condition_number_layers_2_weight,weight_dist_init_layers_2_weight,sign_stability_layers_2_weight,update_weight_ratio_layers_2_weight,l2_layers_2_bias,weight_dist_init_layers_2_bias,sign_stability_layers_2_bias,update_weight_ratio_layers_2_bias,dead_frac_hidden_0,sparsity_hidden_0,dead_frac_hidden_1,sparsity_hidden_1,margin,test_entropy,sharpness,fourier_mean_top_freq_hidden_0,fourier_mean_frac_explained_hidden_0,fourier_mean_entropy_hidden_0,fourier_key_freqs_hidden_0,fourier_mean_top_freq_hidden_1,fourier_mean_frac_explained_hidden_1,fourier_mean_entropy_hidden_1,fourier_key_freqs_hidden_1,phase,cka_vs_prev
0,0.003430534154176712,0.0021841865964233875,0.0038959584198892117,0.006162300240248442,0.007351886481046677,0.01370352040976286,4.7282938957214355,4.728549003601074,0.008093995042145252,0.009173285216093063,-0.0010792901739478111,1.133344555850105,8.172334671020508,168.38389587402344,31.75021743774414,0.01949479803442955,0.9992256760597229,0.002385462517040454,0.5561145544052124,0.001413319492712617,1.0,0.0025414179174364907,8.173359870910645,160.3113555908203,1821.8577880859375,0.019000224769115448,0.9993749856948853,0.0023246529051948518,0.5888777375221252,0.0013791517121717334,1.0,0.0023420000864269657,6.118644714355469,103.12525939941406,6.763308525085449,0.014242022298276424,0.998982310295105,0.0023276432875505935,0.44280555844306946,0.00107174355071038,1.0,0.002420348006648096,0.0,0.5214229822158813,0.054999999701976776,0.4722624123096466,4.425644874572754e-06,4.726334571838379,0.07192610949277878,27.775,0.04552756715110904,5.946770522594452,"[8, 12, 48]",27.925,0.03445706328875188,6.358914287090301,"[35, 36, 0]",pre,
200,0.06380091607570648,0.018648849800229073,0.047419387847185135,0.0031887239310890436,0.05830930545926094,0.0008321648347191513,1.338726282119751,8.828851699829102,0.8365535140037537,0.0,0.8365535140037537,0.0,33.739105224609375,166.12152099609375,28.168468475341797,30.29943084716797,0.6830752491950989,0.0051155678324358266,1.2478944063186646,1.125253677368164,0.47999998927116394,0.0019350229380278002,35.8599739074707,129.86886596679688,790.90185546875,32.178585052490234,0.692674994468689,0.004805318821853402,1.7852693796157837,1.6840636730194092,0.5699999928474426,0.004964020377706218,27.85964012145996,91.82640075683594,14.008538246154785,24.622121810913086,0.7194690108299255,0.004617239529044482,0.8565413951873779,0.7314389944076538,0.6371681690216064,0.005653957893771772,0.0,0.3522323668003082,0.03500000014901161,0.06101566553115845,0.0005412101745605469,3.031407356262207,,,,,,,,,,pre,0.32459375262260437
400,0.0071858810260891914,0.0035089044831693172,0.005558816250413656,0.00031747270259074867,0.006814642809331417,4.9424412281950936e-05,0.04537669196724892,14.2919340133667,1.0,0.0,1.0,0.0,44.65580368041992,167.81895446777344,37.96470260620117,41.50348663330078,0.6647345423698425,0.0010293846724764829,1.1168888807296753,1.0023887157440186,0.48500001430511475,0.0008182267573559022,48.94203186035156,130.37840270996094,2368.358154296875,45.623111724853516,0.6764500141143799,0.0010046815653580788,2.627739191055298,2.5652267932891846,0.5400000214576721,0.0009486002907874827,38.70927047729492,92.81990814208984,14.087522506713867,35.672142028808594,0.7126106023788452,0.0008954512679561953,1.0893809795379639,1.0497204065322876,0.5752212405204773,0.0013089232536447886,0.0,0.3794190585613251,0.029999999329447746,0.05647258460521698,3.07637882232666,1.727753758430481,,,,,,,,,,pre,0.9212730228900909
600,0.001188954571262002,0.0006807998870499432,0.0009308919543400407,5.283741484163329e-05,0.0011395674664527178,6.510249477287289e-06,0.0060483915731310844,16.785587310791016,1.0,0.0,1.0,0.0,48.14369583129883,168.18792724609375,32.13087463378906,45.13734817504883,0.6577433347702026,0.000752067694030885,0.9989429116249084,0.9037966728210449,0.48500001430511475,0.0006847536170347399,53.25063705444336,130.60719299316406,7306.0869140625,50.15592956542969,0.6676999926567078,0.000744850396593928,2.9762585163116455,2.9303083419799805,0.5350000262260437,0.0007150214278460328,42.369354248046875,93.10173797607422,14.102445602416992,39.48708724975586,0.708495557308197,0.0006467439039373552,1.1774203777313232,1.1749389171600342,0.5398229956626892,0.001025935722845173,0.0,0.38699477910995483,0.029999999329447746,0.055812008678913116,5.169109344482422,1.3791725635528564,,,,,,,,,,pre,0.9843518435955048
800,0.00020878887153230608,0.00012884053285233676,0.0001649657206144184,9.425742973689921e-06,0.0002017009537667036,9.524051165499259e-07,0.0009168469696305692,19.18617820739746,1.0,0.0003356079978402704,0.9996643920021597,0.0003356079978402704,51.045318603515625,168.36117553710938,34.617034912109375,48.14799499511719,0.653407096862793,0.0006274182409200758,0.9044976830482483,0.829298734664917,0.48500001430511475,0.0007024979284532216,56.706634521484375,130.80738830566406,22855.921875,53.80257034301758,0.6630250215530396,0.0006172046377465607,3.3004724979400635,3.263103485107422,0.5299999713897705,0.0005842761031872362,45.28184509277344,93.25729370117188,13.704734802246094,42.53081512451172,0.7063274383544922,0.00052623763889791,1.2626756429672241,1.2858537435531616,0.5486725568771362,0.0008760365251535321,0.0,0.3919621407985687,0.029999999329447746,0.055271539837121964,7.067878723144531,1.1446608304977417,,,,,,,,,,pre,0.9898203909397125
1000,3.799535988946445e-05,2.421834687993396e-05,3.0227047318476252e-05,1.7145622450698284e-06,3.690521771204658e-05,1.5592016211485316e-07,0.00014857965288683772,21.50730323791504,1.0,0.0003356079978402704,0.9996643920021597,0.0003356079978402704,53.63314437866211,168.3679962158203,37.16118621826172,50.81754684448242,0.6505752205848694,0.0005333983094597701,0.830588698387146,0.77397620677948,0.49000000953674316,0.0006450997698433566,59.618751525878906,131.00250244140625,13857.4677734375,56.87329864501953,0.6580250263214111,0.0005100127317667472,3.6089518070220947,3.5754759311676025,0.5350000262260437,0.000489533062059487,47.737449645996094,93.32597351074219,13.742460250854492,45.09028244018555,0.7030088305473328,0.00043429228439805754,1.3414572477340698,1.3831119537353516,0.5486725568771362,0.0006951428998169504,0.0,0.3954804241657257,0.029999999329447746,0.05466057360172272,8.775941848754883,0.9756235480308533,,,,,,,,,,pre,0.992541491985321
1200,7.624303634656826e-06,4.879343123320723e-06,6.134614068287192e-06,3.237639987219154e-07,7.466072020179126e-06,2.8269354857002327e-08,2.7397816666052677e-05,23.62076187133789,1.0,0.0004474773595575243,0.9995525226404425,0.0004474773595575243,55.84285354614258,168.33773803710938,39.07172393798828,53.09008026123047,0.6494026780128479,0.00041933244531220276,0.7829616665840149,0.740570604801178,0.49000000953674316,0.0005808902323991732,61.79893112182617,130.70301818847656,21268.294921875,59.17417526245117,0.6547999978065491,0.0003565027339001559,3.859513282775879,3.8281326293945312,0.5400000214576721,0.00031020744257101814,49.79587173461914,93.26756286621094,13.989311218261719,47.22341537475586,0.701858401298523,0.0003167257136924091,1.3611615896224976,1.4162863492965698,0.5398229956626892,0.00042573045276100076,0.0,0.3984203636646271,0.02500000037252903,0.05417754501104355,10.424299240112305,0.856978714466095,,,,,,,,,,pre,0.994823694229126
1400,2.1255723368085455e-06,1.7443805973016424e-06,1.7577019661985105e-06,9.410747026095123e-08,2.108537273670663e-06,8.45777758939903e-09,7.3612845881143585e-06,25.02271842956543,1.0,0.0004474773595575243,0.9995525226404425,0.0004474773595575243,57.2552375793457,168.3623809814453,35.7791862487793,54.551666259765625,0.6468362808227539,0.0002873713643305932,0.7864971160888672,0.7427070140838623,0.49000000953674316,0.0007264230225357159,62.553977966308594,129.09141540527344,11749.62109375,60.002647399902344,0.6531999707221985,0.00023072589183555006,3.9656662940979004,3.936284303665161,0.5450000166893005,0.0001306289383981279,51.3287239074707,92.85115814208984,14.469505310058594,48.79364013671875,0.7010176777839661,0.0002142159406040474,1.2600089311599731,1.3263126611709595,0.5221238732337952,0.0006578446465143214,0.0,0.4008159339427948,0.02500000037252903,0.05357310548424721,11.867624282836914,0.7875256538391113,,,,,,,,,,pre,0.9969247281551361
1600,1.1458849940026994e-06,9.95686150417896e-07,9.73002215687302e-07,5.0110493532429246e-08,1.138831976277288e-06,5.865423702289263e-09,3.949150141124846e-06,25.253154754638672,1.0,0.00022373867977876216,0.9997762613202212,0.00022373867977876216,57.48879623413086,168.4279022216797,30.446603775024414,54.8217887878418,0.6458407044410706,0.00023435434037359003,0.8488325476646423,0.7865175008773804,0.49000000953674316,0.0008713319119680947,61.67872619628906,126.21128845214844,6771.07958984375,59.170047760009766,0.6523000001907349,0.00023416466774703025,3.888242721557617,3.8616490364074707,0.5450000166893005,0.00020453832336538028,52.18955993652344,91.9726791381836,15.39942741394043,49.661922454833984,0.6998230218887329,0.0001954068643475928,1.1007627248764038,1.1774091720581055,0.5132743120193481,0.0008212601748067739,0.0,0.4018302857875824,0.02500000037252903,0.05273759737610817,12.564325332641602,0.7681618332862854,,,,,,,,,,pre,0.9980647265911102
1800,9.980209370041848e-07,9.674181455920916e-07,8.630676120446878e-07,4.4166963419911554e-08,9.80822733254172e-07,4.87490803280366e-09,3.43129090651928e-06,24.850170135498047,1.0,0.0003356079978402704,0.9996643920021597,0.0003356079978402704,57.13120651245117,168.5189208984375,27.043638229370117,54.49571990966797,0.6447345018386841,0.00021595535301901405,0.9256231784820557,0.8451054096221924,0.5,0.0009337971648336894,60.27800369262695,123.02204895019531,4458.89404296875,57.80500793457031,0.6514999866485596,0.000214808508130501,3.751685857772827,3.7282803058624268,0.5450000166893005,0.00021079058310524546,52.58598327636719,90.91416931152344,16.556598663330078,50.06084442138672,0.6996902823448181,0.00015669777385886755,0.9531137347221375,1.0406380891799927,0.4955752193927765,0.0007941334275319336,0.0,0.40305089950561523,0.02500000037252903,0.05198172479867935,12.717950820922852,0.7756497859954834,,,,,,,,,,pre,0.9985494017601013
2000,9.801822216104483e-07,9.630489330447745e-07,8.555161343792861e-07,4.750587834223552e-08,9.492005688116478e-07,4.846077761300194e-09,3.3469423215137795e-06,24.381479263305664,1.0,0.00011186933988938108,0.9998881306601106,0.00011186933988938108,56.74380874633789,168.580810546875,26.607036590576172,54.13735580444336,0.6441150307655334,0.00019722382839398547,0.9925323128700256,0.8988156318664551,0.5199999809265137,0.0007610226489187829,59.08776092529297,119.98902130126953,3898.44287109375,56.64823532104492,0.6507250070571899,0.00018537980872262712,3.6243555545806885,3.6031980514526367,0.5450000166893005,0.00018296176662417512,52.81108856201172,89.88446807861328,17.70408821105957,50.291202545166016,0.6995132565498352,0.00012727961552218777,0.8310237526893616,0.930866003036499,0.4690265357494354,0.0007425880497178902,0.0,0.40420496463775635,0.02500000037252903,0.051605742424726486,12.737220764160156,0.7869563102722168,,27.415,0.09373471262593606,5.640521417856217,"[41, 13, 12]",24.3,0.04641706978438414,5.980557472705841,"[2, 12, 36]",pre,0.9988098442554474
2200,9.785269412532216e-07,9.720765774545725e-07,8.581578754274233e-07,4.5142705573653075e-08,9.365658115711994e-07,4.314095747304236e-09,3.318431708976277e-06,23.95724105834961,1.0,0.00011186933988938108,0.9998881306601106,0.00011186933988938108,56.42757797241211,168.58201599121094,27.849273681640625,53.84910202026367,0.6435176730155945,0.0001864607134754692,1.0454645156860352,0.9427281022071838,0.5199999809265137,0.0007238060693213859,58.1779899597168,117.20472717285156,4715.271484375,55.769752502441406,0.6502249836921692,0.0001614835471245562,3.522899627685547,3.503223419189453,0.5450000166893005,0.00015585835223433606,52.94814682006836,88.94884490966797,18.800519943237305,50.435813903808594,0.6992477774620056,0.00010810733727889291,0.732226550579071,0.8449793457984924,0.45132744312286377,0.0007034277483556203,0.0,0.4053446352481842,0.02500000037252903,0.051118798553943634,12.780367851257324,0.7966794967651367,,,,,,,,,,pre,0.9989940822124481
2400,9.740444966155337e-07,1.0432648878122563e-06,8.602094112575287e-07,4.9100037813332165e-08,9.266767051485658e-07,4.634958639115894e-09,3.2934692626440665e-06,23.571487426757812,1.0,0.00011186933988938108,0.9998881306601106,0.00011186933988938108,56.16493606567383,168.56295776367188,28.706972122192383,53.61323928833008,0.6424557566642761,0.00017514082766132913,1.0858337879180908,0.977383553981781,0.5249999761581421,0.0007046224438503896,57.481197357177734,114.69344329833984,12884.59375,55.1024169921875,0.6494500041007996,0.0001441504527695582,3.4458165168762207,3.4270617961883545,0.5450000166893005,0.00012610763245619256,53.018680572509766,88.09992980957031,19.8226261138916,50.51514434814453,0.6992920637130737,9.582970742971703e-05,0.6530160903930664,0.7786442637443542,0.4690265357494354,0.000650445357393491,0.0,0.40651828050613403,0.02500000037252903,0.05071932077407837,12.800594329833984,0.805704653263092,,,,,,,,,,pre,0.9990987479686737
2600,9.679816912466777e-07,1.0592840453682584e-06,8.608568009549344e-07,5.051609619499686e-08,9.191582535095222e-07,4.741817605236065e-09,3.268818772994564e-06,23.213518142700195,1.0,0.00011186933988938108,0.9998881306601106,0.00011186933988938108,55.94484329223633,168.5402069091797,28.881053924560547,53.41836929321289,0.641681432723999,0.00017290895623637756,1.1169352531433105,1.004313349723816,0.5299999713897705,0.0006641816569987167,56.939231872558594,112.46739959716797,42559.0703125,54.58789825439453,0.6485999822616577,0.00013093650361599272,3.3875386714935303,3.369270086288452,0.5450000166893005,0.00010489072584726838,53.038761138916016,87.32701110839844,20.813146591186523,50.545066833496094,0.6984070539474487,8.826429565613858e-05,0.590499222278595,0.7281770706176758,0.4690265357494354,0.0005988404155958257,0.0,0.4073929488658905,0.02500000037252903,0.050464753061532974,12.765657424926758,0.8135700821876526,,,,,,,,,,pre,0.9991974830627441
2800,9.65362232818734e-07,1.045245312525367e-06,8.608139410171134e-07,4.996944014123983e-08,9.141966188508377e-07,4.735867698002494e-09,3.2495522646058816e-06,22.866899490356445,1.0,0.00011186933988938108,0.9998881306601106,0.00011186933988938108,55.747249603271484,168.52662658691406,29.095325469970703,53.245018005371094,0.6412168145179749,0.0001648854905725883,1.1402003765106201,1.024724006652832,0.5249999761581421,0.000646599194652751,56.503360748291016,110.5088119506836,27773.705078125,54.17761993408203,0.6476749777793884,0.0001211699666861922,3.3426458835601807,3.324638843536377,0.550000011920929,8.627809884731877e-05,53.015594482421875,86.62049102783203,21.756046295166016,50.53265380859375,0.6976991295814514,8.334373133124534e-05,0.5417765974998474,0.6898429989814758,0.4690265357494354,0.0005528574245203505,0.0,0.40842297673225403,0.02500000037252903,0.05012793838977814,12.750917434692383,0.8217163681983948,,,,,,,,,,pre,0.9992189407348633
3000,9.617417617846513e-07,1.071608721758821e-06,8.58926171076746e-07,4.718801349667956e-08,9.080176255338301e-07,4.34097913171172e-09,3.2272669159283396e-06,22.549768447875977,1.0,0.00011186933988938108,0.9998881306601106,0.00011186933988938108,55.57467269897461,168.489990234375,30.54092025756836,53.09663772583008,0.6409734487533569,0.00015948289600887822,1.1587443351745605,1.0414565801620483,0.5249999761581421,0.0006382366721626662,56.1539192199707,108.78189086914062,10681.8583984375,53.85246658325195,0.6470249891281128,0.00011346102281467069,3.3091137409210205,3.291091203689575,0.550000011920929,7.81966043956131e-05,52.96954345703125,85.9698486328125,22.66632843017578,50.497982025146484,0.6972566246986389,7.824300558276971e-05,0.5036892294883728,0.6606529951095581,0.45132744312286377,0.00048536525771380117,0.0,0.40909790992736816,0.02500000037252903,0.04971279203891754,12.753066062927246,0.8289983868598938,,,,,,,,,,pre,0.9992834031581879
3200,9.609514108888106e-07,1.0373448731115786e-06,8.579795576224569e-07,4.66755487593673e-08,9.043559998644923e-07,4.3834909035922465e-09,3.2117354749061633e-06,22.241153717041016,1.0,0.00011186933988938108,0.9998881306601106,0.00011186933988938108,55.41670608520508,168.45150756835938,32.365203857421875,52.96175765991211,0.6396681666374207,0.00015499987502931578,1.172524333000183,1.0539149045944214,0.5249999761581421,0.0006284452183553689,55.861942291259766,107.2565689086914,9922.580078125,53.58333969116211,0.6463000178337097,0.00010768415472720229,3.283665657043457,3.265653610229492,0.550000011920929,7.374290412245206e-05,52.90172576904297,85.37065124511719,23.539371490478516,50.441890716552734,0.6964601874351501,7.617751838422194e-05,0.4739612936973572,0.6384217143058777,0.45132744312286377,0.00044288609775420846,0.0,0.41016319394111633,0.02500000037252903,0.049362923949956894,12.81437873840332,0.8359107375144958,,,,,,,,,,pre,0.9993202090263367
3400,9.59655494625622e-07,1.1159849009345635e-06,8.577767971473804e-07,4.768367034557741e-08,9.013677413349797e-07,4.40409575475087e-09,3.1927183954394422e-06,21.941434860229492,1.0,0.00011186933988938108,0.9998881306601106,0.00011186933988938108,55.27145004272461,168.41168212890625,33.16093444824219,52.83802795410156,0.639115035533905,0.00015388299026697109,1.183468222618103,1.0637938976287842,0.5249999761581421,0.0006624634623726701,55.614620208740234,105.90509033203125,12030.38671875,53.35789489746094,0.6454499959945679,0.00010290925164299667,3.2641005516052246,3.246229410171509,0.550000011920929,6.500267345399965e-05,52.820682525634766,84.8164291381836,24.359201431274414,50.3724250793457,0.6960619688034058,7.396624530007312e-05,0.4511626064777374,0.6218087077140808,0.44247788190841675,0.00039455621350572597,0.0,0.41069844365119934,0.02500000037252903,0.04892297834157944,12.831794738769531,0.8429827690124512,,,,,,,,,,pre,0.9993498921394348
3600,9.544547765472089e-07,1.0711806908147992e-06,8.562545872337068e-07,5.0113218463820886e-08,8.98276141469978e-07,4.6519956775625815e-09,3.176035306751146e-06,21.65806770324707,1.0,0.00022373867977876216,0.9997762613202212,0.00022373867977876216,55.13829040527344,168.3737030029297,33.1312370300293,52.72508239746094,0.6389159560203552,0.00014877199306625796,1.1913930177688599,1.0709253549575806,0.5299999713897705,0.0006059716350875849,55.402042388916016,104.70484924316406,18842.599609375,53.16602325439453,0.6452999711036682,9.903976441510797e-05,3.2488996982574463,3.231123924255371,0.550000011920929,6.604933042249265e-05,52.73181915283203,84.30077362060547,25.118118286132812,50.295433044433594,0.6952212452888489,7.213399514031487e-05,0.4337873160839081,0.6097279787063599,0.4336283206939697,0.0003435579531150349,0.0,0.4112819731235504,0.02500000037252903,0.048579633235931396,12.849543571472168,0.8494769930839539,,,,,,,,,,pre,0.9993822574615479
3800,9.497570090388763e-07,1.003891725304129e-06,8.548253731532895e-07,4.91318559170395e-08,8.955638008956157e-07,4.575412493323938e-09,3.161064796586288e-06,21.38361358642578,1.0,0.00022373867977876216,0.9997762613202212,0.00022373867977876216,55.013736724853516,168.3260955810547,32.344696044921875,52.620670318603516,0.6385398507118225,0.00014739784880353466,1.1972330808639526,1.0759367942810059,0.5299999713897705,0.0006062886735559939,55.214805603027344,103.6419448852539,37981.10546875,52.99879837036133,0.6439250111579895,9.62397373642674e-05,3.238783597946167,3.221207618713379,0.550000011920929,6.078078849006038e-05,52.638038635253906,83.823974609375,25.804073333740234,50.213592529296875,0.6945575475692749,7.120613415789513e-05,0.42035973072052,0.6007019281387329,0.45132744312286377,0.0003088271767722808,0.0,0.41201043128967285,0.02500000037252903,0.04828067868947983,12.85865592956543,0.8558893799781799,,,,,,,,,,pre,0.9994145631790161
4000,9.513397571936366e-07,1.0694236607378116e-06,8.526362194061221e-07,4.958899779694548e-08,8.92213336101122e-07,4.59116389350811e-09,3.1403976663568756e-06,21.107419967651367,1.0,0.00022373867977876216,0.9997762613202212,0.00022373867977876216,54.89493942260742,168.26783752441406,31.58888053894043,52.52199935913086,0.637499988079071,0.00014835890826563706,1.2001252174377441,1.0786947011947632,0.5299999713897705,0.0006249627800846646,55.046695709228516,102.69416809082031,186642.3125,52.8499641418457,0.6431249976158142,9.398790631076032e-05,3.2330689430236816,3.215747356414795,0.5450000166893005,6.0366318038032356e-05,52.54026794433594,83.38103485107422,26.4714412689209,50.12795639038086,0.6935397982597351,6.993134199636179e-05,0.41105854511260986,0.5945926308631897,0.44247788190841675,0.00026794330027899083,0.0,0.41248562932014465,0.02500000037252903,0.04788903519511223,12.879632949829102,0.8617093563079834,,26.895,0.11224218001113635,5.554568840265274,"[41, 13, 2]",26.24,0.04560067930699911,6.081657447814941,"[12, 34, 15]",pre,0.9994010627269745
4200,9.482657787884818e-07,1.0465479363119812e-06,8.513304123880516e-07,5.102363331843662e-08,8.899421573005384e-07,4.520621654791057e-09,3.1263289201888256e-06,20.833415985107422,1.0,0.00022373867977876216,0.9997762613202212,0.00022373867977876216,54.77866744995117,168.2045440673828,30.416555404663086,52.4250602722168,0.6367035508155823,0.0001446405834694154,1.201610803604126,1.0806548595428467,0.5350000262260437,0.0005852379389509527,54.890499114990234,101.83952331542969,148493.640625,52.71257019042969,0.6428250074386597,9.235519110471801e-05,3.2294504642486572,3.2121424674987793,0.5450000166893005,6.443254323403264e-05,52.43861389160156,82.9620361328125,27.13516616821289,50.03821563720703,0.6926106214523315,6.961529881996324e-05,0.4033842980861664,0.5898004770278931,0.4601770043373108,0.0002399874499051778,0.0,0.41305744647979736,0.02500000037252903,0.0474817231297493,12.893610000610352,0.8670330047607422,,,,,,,,,,pre,0.9994139969348907
4400,9.411826340510743e-07,1.0563811656538746e-06,8.502060495629848e-07,5.2006633666223934e-08,8.881106623448431e-07,4.792256813601625e-09,3.109521458100062e-06,20.56368064880371,1.0,0.0003356079978402704,0.9996643920021597,0.0003356079978402704,54.66526794433594,168.14959716796875,29.563480377197266,52.33043670654297,0.6363495588302612,0.00014514255129731695,1.2007821798324585,1.0808358192443848,0.5350000262260437,0.000617730115912105,54.74435043334961,101.05668640136719,72377.015625,52.58494186401367,0.6424000263214111,9.104750353351023e-05,3.227555990219116,3.2101657390594482,0.5450000166893005,5.9358457530876057e-05,52.33662796020508,82.56561279296875,27.768836975097656,49.94809341430664,0.6922566294670105,6.943316551331575e-05,0.397152841091156,0.5861326456069946,0.48672565817832947,0.00020971614756706844,0.0,0.4135482907295227,0.02500000037252903,0.04713446646928787,12.87308406829834,0.8719377517700195,,,,,,,,,,pre,0.9994203150272369
4600,9.439937684874167e-07,1.1119312830487615e-06,8.482746807203512e-07,4.9553616321418303e-08,8.86096188423835e-07,4.716819823613605e-09,3.097569333476713e-06,20.29637908935547,1.0,0.0005593466921709478,0.999440653307829,0.0005593466921709478,54.5566291809082,168.0979766845703,29.35997200012207,52.24007034301758,0.6354867219924927,0.00014356145632548538,1.1991207599639893,1.0798695087432861,0.5299999713897705,0.0006025370608241175,54.608463287353516,100.34779357910156,138151.109375,52.466888427734375,0.6415249705314636,8.924558893351447e-05,3.2298543453216553,3.212317943572998,0.5450000166893005,5.682801684983034e-05,52.23443603515625,82.1967544555664,28.408546447753906,49.85779571533203,0.6908407211303711,6.903626366855897e-05,0.39485445618629456,0.5847713947296143,0.4955752193927765,0.00020218951342427198,0.0,0.4139255881309509,0.02500000037252903,0.0466684065759182,12.809722900390625,0.8768370747566223,,,,,,,,,,pre,0.9994395971298218
4800,9.394911444360332e-07,1.1058575637434842e-06,8.483517603963264e-07,5.167190408883471e-08,8.84759117525391e-07,4.8507731165159385e-09,3.0828473427391145e-06,20.043149948120117,1.0,0.0004474773595575243,0.9995525226404425,0.0004474773595575243,54.451778411865234,168.0503692626953,28.90118408203125,52.15352249145508,0.6348893642425537,0.00014013362610747833,1.1967792510986328,1.0784261226654053,0.5299999713897705,0.000645636677779812,54.48118209838867,99.70732116699219,160537.390625,52.356815338134766,0.6402750015258789,8.789881492225045e-05,3.232672929763794,3.2149674892425537,0.5450000166893005,6.350393385226181e-05,52.13446807861328,81.84713745117188,29.187950134277344,49.7695198059082,0.6900885105133057,6.853191947383037e-05,0.3930659592151642,0.5839666724205017,0.5044247508049011,0.00016878829184438596,0.0,0.4146462082862854,0.02500000037252903,0.04629373550415039,12.864328384399414,0.8809299468994141,,,,,,,,,,pre,0.9994482398033142
5000,9.370227189720026e-07,9.822812216953025e-07,8.444225159109919e-07,4.82145310343185e-08,8.817968932817166e-07,4.885382320907183e-09,3.069587819481967e-06,19.79819679260254,1.0,0.0004474773595575243,0.9995525226404425,0.0004474773595575243,54.3525505065918,167.9934844970703,28.591217041015625,52.07084655761719,0.6344026327133179,0.0001361306101239929,1.194724202156067,1.0773321390151978,0.5249999761581421,0.0005915667444905111,54.36281204223633,99.12026977539062,333206.09375,52.255123138427734,0.6395000219345093,8.574670490036672e-05,3.235903263092041,3.2176761627197266,0.5450000166893005,4.8593112637998274e-05,52.03837966918945,81.51724243164062,29.91559410095215,49.68510437011719,0.6893362998962402,6.727780683375152e-05,0.3928026258945465,0.5841782689094543,0.5221238732337952,0.00016487767283642884,0.0,0.4150483012199402,0.02500000037252903,0.04602611064910889,12.87222671508789,0.8855448365211487,0.00015501410234719515,,,,,,,,,pre,0.9994873702526093
5200,9.357038379675942e-07,1.1443103176134173e-06,8.435407607976231e-07,4.7865572838645676e-08,8.803728519524157e-07,4.644087781002781e-09,3.0557994250557385e-06,19.562726974487305,1.0,0.0004474773595575243,0.9995525226404425,0.0004474773595575243,54.25774383544922,167.9334259033203,29.18898582458496,51.99190139770508,0.6342698931694031,0.00013677919545143646,1.1915072202682495,1.0755077600479126,0.5249999761581421,0.0006074966564666971,54.25224304199219,98.5806655883789,1083539.75,52.160743713378906,0.638949990272522,8.463214358225694e-05,3.2390623092651367,3.2205076217651367,0.5450000166893005,5.760909749162616e-05,51.9461669921875,81.20442962646484,30.561433792114258,49.604244232177734,0.6882743239402771,6.576553486613583e-05,0.39284324645996094,0.5846883654594421,0.5132743120193481,0.00014583236686853342,0.0,0.4154804050922394,0.02500000037252903,0.045827675610780716,12.93470573425293,0.8895569443702698,,,,,,,,,,pre,0.9994989335536957
5400,9.360938406643982e-07,1.1364730880814022e-06,8.416151899837132e-07,4.661312758003078e-08,8.783528073763591e-07,4.390910746110421e-09,3.044096729354351e-06,19.324216842651367,1.0,0.0007830853573977947,0.9992169146426022,0.0007830853573977947,54.1628303527832,167.8652801513672,30.07835578918457,51.912498474121094,0.632898211479187,0.00013658902058722686,1.1879695653915405,1.0732468366622925,0.5199999809265137,0.000629409682337738,54.14484405517578,98.0849609375,800804.5,52.06911849975586,0.6385250091552734,8.385204022580613e-05,3.242915391921997,3.2241857051849365,0.5450000166893005,4.749539235878707e-05,51.85494613647461,80.90859985351562,31.133033752441406,49.52415084838867,0.6873008608818054,6.543472381322643e-05,0.39299383759498596,0.5853894948959351,0.5132743120193481,0.00013228503775185917,0.0,0.415814608335495,0.02500000037252903,0.04562141001224518,12.936790466308594,0.8936091661453247,,,,,,,,,,pre,0.9994989633560181
5600,9.321129255113192e-07,1.0941829486910137e-06,8.401245281675074e-07,4.8737867075487884e-08,8.764548056205967e-07,4.626862892820327e-09,3.02928106066247e-06,19.091670989990234,1.0,0.0008949547191150486,0.999105045280885,0.0008949547191150486,54.069705963134766,167.7962188720703,30.548812866210938,51.83517074584961,0.6321017742156982,0.00013559101264759015,1.1840016841888428,1.0705676078796387,0.5249999761581421,0.0006471111475151443,54.039512634277344,97.62409210205078,672457.25,51.97932815551758,0.6376500129699707,8.326571121353575e-05,3.2464165687561035,3.2276828289031982,0.5450000166893005,5.3355030416993814e-05,51.76467514038086,80.62687683105469,31.54899024963379,49.44467544555664,0.6865044236183167,6.452244278561854e-05,0.39199206233024597,0.5855681896209717,0.5221238732337952,0.00012895490917458555,0.0,0.4162153899669647,0.02500000037252903,0.045394256711006165,12.939294815063477,0.8970022797584534,,,,,,,,,,pre,0.9995026588439941
5800,9.324097050011915e-07,1.0994417607435025e-06,8.378902407457645e-07,5.1217654117863276e-08,8.741960186853248e-07,5.003743197562471e-09,3.0152748422551667e-06,18.851688385009766,1.0,0.0008949547191150486,0.999105045280885,0.0008949547191150486,53.97599792480469,167.73126220703125,30.82291030883789,51.75716781616211,0.6314159035682678,0.00013720043993742105,1.1797242164611816,1.0678761005401611,0.5249999761581421,0.0006551465127672428,53.9348258972168,97.18582153320312,996405.75,51.88992691040039,0.6364250183105469,8.320102884314485e-05,3.2504663467407227,3.231706142425537,0.5450000166893005,5.409532728739525e-05,51.67335891723633,80.35548400878906,31.81414031982422,49.36406707763672,0.6861947178840637,6.47640613722916e-05,0.3912833333015442,0.5858754515647888,0.5221238732337952,0.00012759379542860372,0.0,0.4166279435157776,0.02500000037252903,0.04512924328446388,12.861946105957031,0.9010343551635742,,,,,,,,,,pre,0.9994888603687286
6000,9.240706049240544e-07,9.740274435898755e-07,8.361569712178607e-07,4.757304239433324e-08,8.7216790234379e-07,4.391169650119764e-09,3.0032917948119575e-06,18.60967445373535,1.0,0.0012305626878514886,0.9987694373121485,0.0012305626878514886,53.88538360595703,167.67129516601562,31.01250648498535,51.681800842285156,0.6308186054229736,0.00013432859766915586,1.1755032539367676,1.0652114152908325,0.5199999809265137,0.0005964351916384169,53.832420349121094,96.77702331542969,2211810.75,51.8027458190918,0.6359249949455261,8.219495928611148e-05,3.254194736480713,3.2354307174682617,0.5450000166893005,4.544174011917981e-05,51.58296203613281,80.09565734863281,31.983964920043945,49.28446960449219,0.6850442290306091,6.386322712560791e-05,0.39142176508903503,0.5866214632987976,0.5132743120193481,0.00011471786798734538,0.0,0.4170535206794739,0.02500000037252903,0.04502219334244728,12.822378158569336,0.904687225818634,,27.695,0.1291929091284989,5.486976445913315,"[41, 2, 12]",24.56,0.04669098459669532,6.098698909282684,"[12, 34, 15]",pre,0.9994884729385376
6200,9.240341114491457e-07,1.0547508964009467e-06,8.341165198544331e-07,5.052776685943172e-08,8.698961551090179e-07,4.846225198917864e-09,2.9904060738772387e-06,18.357168197631836,1.0,0.0012305626878514886,0.9987694373121485,0.0012305626878514886,53.79372787475586,167.59982299804688,31.56612205505371,51.605316162109375,0.6305088400840759,0.0001360119672220396,1.1720232963562012,1.0629384517669678,0.5199999809265137,0.0006160495421880868,53.72994613647461,96.3870849609375,2983460.25,51.715232849121094,0.6350250244140625,8.246522997611623e-05,3.260334014892578,3.2414352893829346,0.5400000214576721,5.358699037913683e-05,51.49238586425781,79.84630584716797,32.13136291503906,49.20469284057617,0.6842477917671204,6.453052428572427e-05,0.3921006917953491,0.587430477142334,0.5132743120193481,0.00011003413512999274,0.0,0.4173276722431183,0.02500000037252903,0.044647518545389175,12.76643180847168,0.9075896739959717,,,,,,,,,,pre,0.9994810223579407
6400,9.215133900397632e-07,1.1347900681357714e-06,8.338656698470004e-07,5.28527586141081e-08,8.682114298608212e-07,4.8196588942062135e-09,2.9787026960548246e-06,18.10309410095215,1.0,0.0016780400183051825,0.9983219599816948,0.0016780400183051825,53.700687408447266,167.5309600830078,32.09834289550781,51.5275993347168,0.6299778819084167,0.00013642785364339417,1.1684283018112183,1.0601294040679932,0.5199999809265137,0.0006653786507406988,53.62652587890625,96.01016235351562,2060555.0,51.626495361328125,0.6343749761581421,8.297276659131357e-05,3.2648396492004395,3.2459769248962402,0.5400000214576721,5.3350939755480244e-05,51.40207290649414,79.60558319091797,32.284324645996094,49.12519836425781,0.6837168335914612,6.484186981889546e-05,0.3919622302055359,0.5876832604408264,0.4955752193927765,0.00011068895926114198,0.0,0.41770756244659424,0.02500000037252903,0.044097911566495895,12.80970573425293,0.9109636545181274,,,,,,,,,,pre,0.9994805157184601
6600,9.169601753455936e-07,1.0248244279864593e-06,8.307176813104888e-07,5.159011706723504e-08,8.653704526295769e-07,4.775454698346948e-09,2.9619884571729926e-06,17.845718383789062,1.0,0.0019017787417396903,0.9980982212582603,0.0019017787417396903,53.605384826660156,167.45213317871094,32.52384567260742,51.44734191894531,0.6295353770256042,0.00014078759015464428,1.1644140481948853,1.0569849014282227,0.5199999809265137,0.0005900812415897244,53.52096176147461,95.64110565185547,1470524.25,51.53557205200195,0.6334499716758728,8.437183692899687e-05,3.2707862854003906,3.251760959625244,0.5400000214576721,4.873647175252505e-05,51.30997848510742,79.37013244628906,32.38566589355469,49.04408264160156,0.6829646229743958,6.546736689228263e-05,0.39230480790138245,0.5880714654922485,0.4955752193927765,0.00010340793250275476,0.0,0.4180574417114258,0.02500000037252903,0.04376370832324028,12.83826732635498,0.9147601127624512,,,,,,,,,,pre,0.9994513094425201
6800,9.170504995381634e-07,9.903341151584755e-07,8.28777388051094e-07,4.807221642977311e-08,8.635246331323287e-07,4.672383369097588e-09,2.9487916890502675e-06,17.58406639099121,1.0,0.002013648161664605,0.9979863518383354,0.002013648161664605,53.507896423339844,167.3611297607422,33.35441589355469,51.36519241333008,0.6290486454963684,0.0001393899208733776,1.1596659421920776,1.0535541772842407,0.5199999809265137,0.0006443148880239357,53.412269592285156,95.28304290771484,1263356.375,51.44196319580078,0.6328250169754028,8.451906737739672e-05,3.2780609130859375,3.258934497833252,0.5400000214576721,4.9695482936819195e-05,51.214534759521484,79.14224243164062,32.45846176147461,48.95962142944336,0.6819911599159241,6.629685836431646e-05,0.3938653767108917,0.5889803767204285,0.4955752193927765,0.00011708787545908615,0.0,0.4181932210922241,0.02500000037252903,0.04322845861315727,12.813594818115234,0.9194550514221191,,,,,,,,,,pre,0.9994332194328308
7000,9.154711619885347e-07,1.0678706985345343e-06,8.271643423540809e-07,4.89058180619395e-08,8.617450930614723e-07,4.676611098375361e-09,2.934661097242497e-06,17.32667350769043,1.0,0.002349256072193384,0.9976507439278066,0.002349256072193384,53.41376876831055,167.28524780273438,33.81589889526367,51.28692626953125,0.6283849477767944,0.0001363024054743953,1.1552605628967285,1.0498969554901123,0.5199999809265137,0.0006362221812439557,53.3073616027832,94.9335708618164,689778.375,51.35182571411133,0.6324250102043152,8.457721151165219e-05,3.284241199493408,3.2650461196899414,0.5400000214576721,4.638244494838189e-05,51.12240219116211,78.9173812866211,32.48865509033203,48.878501892089844,0.6812389492988586,6.62376974250455e-05,0.39510709047317505,0.5896897912025452,0.4955752193927765,0.0001105622044512281,0.0,0.4186318516731262,0.02500000037252903,0.04263316094875336,12.861998558044434,0.9239709973335266,,,,,,,,,,pre,0.9994584918022156
7200,9.109515985983307e-07,1.0426274457131512e-06,8.247798177762888e-07,5.033684402633298e-08,8.590831725996395e-07,4.7767718669433634e-09,2.92208665086946e-06,17.068450927734375,1.0,0.002908602822571993,0.997091397177428,0.002908602822571993,53.31852722167969,167.22950744628906,34.07746124267578,51.20790100097656,0.6277212500572205,0.00013784280600101384,1.1511350870132446,1.0463011264801025,0.5199999809265137,0.0006715097002392243,53.2016716003418,94.58966064453125,598205.9375,51.26061248779297,0.6318749785423279,8.519538618000564e-05,3.2888941764831543,3.2697668075561523,0.5400000214576721,4.48948816693405e-05,51.030487060546875,78.69432067871094,32.55875015258789,48.79743957519531,0.680619478225708,6.638349838809228e-05,0.3943215310573578,0.5889998078346252,0.4955752193927765,0.00010061580512360996,0.0,0.4190365672111511,0.02500000037252903,0.04203133285045624,12.818255424499512,0.9283215999603271,,,,,,,,,,pre,0.9994543492794037
7400,9.109577945309866e-07,1.1766555871872697e-06,8.237964266299969e-07,5.151693471816543e-08,8.573236982556409e-07,4.8297708055144994e-09,2.9087650545989163e-06,16.8072452545166,1.0,0.003467949340119958,0.99653205065988,0.003467949340119958,53.22172927856445,167.17210388183594,34.43736267089844,51.12760543823242,0.6273893713951111,0.00013869004804432965,1.1467982530593872,1.0430165529251099,0.5199999809265137,0.0006927227736737297,53.095909118652344,94.25544738769531,511629.84375,51.16896057128906,0.6311249732971191,8.535533560474237e-05,3.2970845699310303,3.2779018878936768,0.5400000214576721,4.780860786636392e-05,50.93825149536133,78.4745864868164,32.652313232421875,48.71631622314453,0.6796460151672363,6.6570855963769e-05,0.39574164152145386,0.5894646048545837,0.48672565817832947,0.0001079227483442747,0.0,0.4193355143070221,0.02500000037252903,0.041241515427827835,12.834053039550781,0.9324735403060913,,,,,,,,,,pre,0.9994508326053619
7600,9.078422635866445e-07,1.0897755373662221e-06,8.219849974011595e-07,4.9948393865406615e-08,8.553145107725868e-07,4.8514157136025915e-09,2.8959414066775935e-06,16.53860092163086,1.0,0.00413916539400816,0.9958608346059918,0.00413916539400816,53.12482452392578,167.09678649902344,34.48150634765625,51.046653747558594,0.6267035603523254,0.00013950748979069198,1.1424227952957153,1.0398330688476562,0.5249999761581421,0.0006753832504240172,52.99066162109375,93.93253326416016,786864.0,51.07780456542969,0.6304749846458435,8.523594520396443e-05,3.30133318901062,3.281963586807251,0.5400000214576721,5.387601035479916e-05,50.84681701660156,78.25755310058594,32.80012512207031,48.63606643676758,0.6784955859184265,6.689196675640988e-05,0.39635881781578064,0.5894729495048523,0.48672565817832947,0.00010873828645898146,0.0,0.4197167158126831,0.02500000037252903,0.04062793776392937,12.849139213562012,0.9373595118522644,,,,,,,,,,pre,0.9994542896747589
7800,9.053582630258461e-07,1.0105701448992477e-06,8.193130724976072e-07,4.917359319733805e-08,8.527665045221511e-07,4.774202810864381e-09,2.8821218620578293e-06,16.262958526611328,1.0,0.004362904001027346,0.9956370959989727,0.004362904001027346,53.026554107666016,167.00924682617188,34.79924011230469,50.96489334106445,0.6257079839706421,0.0001395080416235435,1.1379640102386475,1.0363599061965942,0.5249999761581421,0.0006405035985085378,52.88517379760742,93.61568450927734,1034626.75,50.98640823364258,0.6298999786376953,8.60181478145115e-05,3.306720495223999,3.2871689796447754,0.5400000214576721,5.0751834286841166e-05,50.7551155090332,78.0429458618164,33.02024841308594,48.55567932128906,0.6779646277427673,6.727950806071629e-05,0.39765608310699463,0.5900484323501587,0.4955752193927765,0.0001107586723483009,0.0,0.42017102241516113,0.02500000037252903,0.039930809289216995,12.836343765258789,0.943049967288971,,,,,,,,,,pre,0.9994489550590515
8000,8.990634796646191e-07,9.058476280188188e-07,8.170709975274804e-07,4.849554713359794e-08,8.502818786837452e-07,4.68715688484167e-09,2.867866669475916e-06,15.9708890914917,1.0,0.004922250751405954,0.995077749248594,0.004922250751405954,52.925941467285156,166.8997802734375,35.31169509887695,50.881839752197266,0.6247124075889587,0.0001436341422173983,1.1334234476089478,1.032729148864746,0.5199999809265137,0.0006415866524236038,52.778106689453125,93.28917694091797,1478702.875,50.893638610839844,0.6290749907493591,8.786784330561664e-05,3.3128952980041504,3.2933714389801025,0.5400000214576721,4.7292438724122075e-05,50.66128921508789,77.8302230834961,33.27949142456055,48.47348403930664,0.6764159202575684,6.889878584504586e-05,0.40012603998184204,0.5915763974189758,0.4955752193927765,0.00011316636375980542,0.0,0.4204399585723877,0.02500000037252903,0.03924673795700073,12.862320899963379,0.9485875368118286,,28.485,0.15010710498803362,5.40528706908226,"[41, 2, 15]",22.825,0.05029002161335457,6.050589599609375,"[12, 14, 41]",pre,0.9994292557239532
8200,9.004537560031167e-07,1.0303448334525456e-06,8.145560173034028e-07,4.8512440287140635e-08,8.473580805912206e-07,4.813876408604756e-09,2.8515569283626974e-06,15.653504371643066,1.0,0.0055934670381248,0.9944065329618752,0.0055934670381248,52.81730651855469,166.7875213623047,35.951725006103516,50.79072570800781,0.6243584156036377,0.00014905229029380155,1.12876296043396,1.0290610790252686,0.5199999809265137,0.0006387364892739274,52.664833068847656,92.9532699584961,2161884.5,50.79499435424805,0.628600001335144,9.105169927931401e-05,3.3230106830596924,3.303694009780884,0.5400000214576721,4.5943935915771305e-05,50.560691833496094,77.61701202392578,33.63790512084961,48.38538360595703,0.6755751967430115,7.100844658023549e-05,0.4050808548927307,0.5944325923919678,0.4955752193927765,0.00011019293129611908,0.0,0.4204660654067993,0.02500000037252903,0.03859138488769531,12.886617660522461,0.9540233612060547,,,,,,,,,,pre,0.9993506968021393
8400,8.974164416031272e-07,1.031090391734324e-06,8.129714501592389e-07,5.040415373969154e-08,8.449885626760079e-07,4.949832987932723e-09,2.8331930934655247e-06,15.314092636108398,1.0,0.006152813322842121,0.9938471866771579,0.006152813322842121,52.70277786254883,166.66326904296875,35.991878509521484,50.69361114501953,0.6231637001037598,0.0001518646935881974,1.124053716659546,1.0251798629760742,0.5199999809265137,0.0006717516773245973,52.54376220703125,92.59573364257812,3165793.5,50.68874740600586,0.6278250217437744,9.349498073224402e-05,3.330399990081787,3.311290979385376,0.5400000214576721,5.020537481908226e-05,50.452735900878906,77.3986587524414,34.032230377197266,48.290592193603516,0.6746460199356079,7.294144199873825e-05,0.40882769227027893,0.5966112613677979,0.4955752193927765,0.00011420917103480825,0.0,0.42054176330566406,0.02500000037252903,0.0379725843667984,12.90731143951416,0.9593921899795532,,,,,,,,,,pre,0.9993038773536682
8600,8.962765036812925e-07,1.1298212712063105e-06,8.095885277725756e-07,4.9506191146519996e-08,8.411606131630833e-07,4.912474427243296e-09,2.8116546673118137e-06,14.950753211975098,1.0,0.006935898680239916,0.9930641013197601,0.006935898680239916,52.58009338378906,166.51797485351562,35.027183532714844,50.589942932128906,0.6223230361938477,0.00015947742481149278,1.118892788887024,1.021164894104004,0.5199999809265137,0.0007163692493952133,52.41233444213867,92.21481323242188,5656499.0,50.57231140136719,0.6272000074386597,9.688812345466972e-05,3.3383588790893555,3.319403886795044,0.5400000214576721,4.566387440589681e-05,50.335594177246094,77.17422485351562,34.46121597290039,48.18716049194336,0.673805296421051,7.542462788798294e-05,0.41241753101348877,0.5990051031112671,0.4955752193927765,0.00011659736306070823,0.0,0.420711487531662,0.02500000037252903,0.0374503917992115,12.923883438110352,0.9647478461265564,,,,,,,,,,pre,0.9992314577102661
8800,8.843999239616096e-07,9.761550927578355e-07,8.060052891778469e-07,4.838280887042856e-08,8.372112461074721e-07,4.615618998116133e-09,2.7892444904864533e-06,14.56226634979248,1.0,0.00805459264665842,0.9919454073533416,0.00805459264665842,52.449459075927734,166.3625030517578,34.29853439331055,50.478546142578125,0.6219026446342468,0.00016073321399636862,1.113905429840088,1.0172860622406006,0.5149999856948853,0.0006684546899955545,52.27145767211914,91.8211898803711,50830504.0,50.44683074951172,0.6266499757766724,0.00010003890296196104,3.343018054962158,3.3243277072906494,0.5400000214576721,5.461145843089463e-05,50.21092224121094,76.94236755371094,34.94279098510742,48.07655334472656,0.6725221276283264,7.765094604081715e-05,0.4129899740219116,0.5998890399932861,0.4955752193927765,0.00011398285404622622,0.0,0.4208081066608429,0.02500000037252903,0.03705613687634468,12.879007339477539,0.970956563949585,,,,,,,,,,pre,0.999185711145401
9000,8.897746965885744e-07,1.145945589087205e-06,8.03155160156166e-07,5.006016223774168e-08,8.336268138009473e-07,4.863036195956738e-09,2.7697601581166964e-06,14.148808479309082,1.0,0.009397024288773537,0.9906029757112265,0.009397024288773537,52.308815002441406,166.20423889160156,33.35088348388672,50.357486724853516,0.6212831735610962,0.00016488883340058067,1.1085373163223267,1.013648509979248,0.5149999856948853,0.0007117935065990363,52.11931610107422,91.4151611328125,7698732.5,50.31085968017578,0.6260499954223633,0.00010299718522806344,3.349106550216675,3.3307199478149414,0.5400000214576721,5.9608922747294185e-05,50.076698303222656,76.70645141601562,35.3698844909668,47.95698928833008,0.6714601516723633,8.046163522324668e-05,0.4134073257446289,0.6006838083267212,0.4955752193927765,0.0001182107793041245,0.0,0.4212663173675537,0.02500000037252903,0.03653916344046593,12.830850601196289,0.9765604138374329,,,,,,,,,,pre,0.9991205036640167
9200,8.807900258034351e-07,1.0440197684147279e-06,8.002095341907989e-07,4.8442036160167845e-08,8.303895242534054e-07,4.61580640376269e-09,2.7513340228324523e-06,13.723027229309082,1.0,0.0111869340762496,0.9888130659237504,0.0111869340762496,52.162078857421875,166.04397583007812,33.62372589111328,50.23123550415039,0.6200221180915833,0.00016228323999590536,1.103657841682434,1.0103278160095215,0.5149999856948853,0.000667357153085097,51.961124420166016,90.98802185058594,4727655.0,50.169273376464844,0.6255249977111816,0.00010412842005736953,3.3562867641448975,3.3380446434020996,0.5400000214576721,5.33541227672722e-05,49.937984466552734,76.46375274658203,35.74424362182617,47.83340835571289,0.6705752015113831,8.207141471122916e-05,0.413986474275589,0.601523756980896,0.5044247508049011,0.00010853575435044436,0.0,0.42169973254203796,0.02500000037252903,0.036142297089099884,12.778663635253906,0.9819141030311584,,,,,,,,,,pre,0.9990794658660889
9400,8.794397103883966e-07,1.0905444014497334e-06,7.97575012256857e-07,4.839918688048783e-08,8.273678986370214e-07,4.6567523170892855e-09,2.730044798227027e-06,13.29542064666748,1.0,0.012976842932403088,0.9870231570675969,0.012976842932403088,52.0159797668457,165.87147521972656,33.91814041137695,50.10618591308594,0.6195574998855591,0.00016428938742714242,1.0991339683532715,1.007525086402893,0.5149999856948853,0.0006639050862682919,51.801856994628906,90.56455993652344,6736830.0,50.02665328979492,0.6249250173568726,0.00010534727119996317,3.3622825145721436,3.3443286418914795,0.5400000214576721,5.133745727577365e-05,49.798851013183594,76.21694946289062,36.120033264160156,47.709877014160156,0.669203519821167,8.357947073756154e-05,0.4151027500629425,0.6026867032051086,0.5132743120193481,0.00011242407972219642,0.0,0.4218159317970276,0.02500000037252903,0.035699740052223206,12.796939849853516,0.9863513112068176,,,,,,,,,,pre,0.999087780714035
9600,8.710098313713388e-07,9.63527327257907e-07,7.944249773572665e-07,4.935086295176916e-08,8.237742576966411e-07,4.8963140208968525e-09,2.711338538574637e-06,12.855812072753906,1.0,0.014990490861237049,0.985009509138763,0.014990490861237049,51.86541748046875,165.6653289794922,35.395999908447266,49.97716522216797,0.6185176968574524,0.00016752827461731425,1.094138503074646,1.0045872926712036,0.5149999856948853,0.0006875701174143215,51.63824462890625,90.14366912841797,15155184.0,49.88045883178711,0.6236500144004822,0.00010664094349284823,3.369389533996582,3.3516268730163574,0.5400000214576721,5.505370191972432e-05,49.65644836425781,75.96673583984375,36.56631851196289,47.583683013916016,0.6680973172187805,8.484124629983045e-05,0.4160643517971039,0.6039680242538452,0.5132743120193481,0.00011509106402224858,0.0,0.4219255745410919,0.02500000037252903,0.035263705998659134,12.854586601257324,0.9909625053405762,,,,,,,,,,pre,0.9990672469139099
9800,8.706683729542419e-07,9.896107258100528e-07,7.924188594188308e-07,4.9899995246960316e-08,8.213251589950232e-07,4.8678066022489475e-09,2.6901734599960037e-06,12.39571762084961,1.0,0.016444792971014977,0.983555207028985,0.016444792971014977,51.71148681640625,165.45730590820312,36.51375961303711,49.8454475402832,0.6172345280647278,0.00017182911735595118,1.0881460905075073,1.0004124641418457,0.5149999856948853,0.0006884652910941308,51.470970153808594,89.71541595458984,12199333.0,49.73130798339844,0.6228749752044678,0.00010859477034986736,3.379545211791992,3.3616526126861572,0.5400000214576721,5.914105142677095e-05,49.511322021484375,75.7159423828125,37.054931640625,47.45538330078125,0.6673451066017151,8.655437813294643e-05,0.41854020953178406,0.6063774824142456,0.5044247508049011,0.00012438459225445745,0.0,0.42212533950805664,0.02500000037252903,0.03484203666448593,12.839345932006836,0.9965183138847351,,,,,,,,,,pre,0.9990376532077789
10000,8.648364655527985e-07,1.0080863148687058e-06,7.884438559813134e-07,4.858794966366986e-08,8.166943530341086e-07,4.9651087685731454e-09,2.6671407340472797e-06,11.922346115112305,1.0,0.01980087347328663,0.9801991265267134,0.01980087347328663,51.54705047607422,165.2329864501953,36.52570343017578,49.704349517822266,0.6160176992416382,0.00017546830409590018,1.0828756093978882,0.9970481395721436,0.5199999809265137,0.0006803186635007259,51.29387664794922,89.27799224853516,17825334.0,49.572608947753906,0.6223750114440918,0.00011080714501457065,3.3871591091156006,3.369034767150879,0.5400000214576721,6.063078495449354e-05,49.357826232910156,75.46092987060547,37.610084533691406,47.31906509399414,0.6659291982650757,8.937787491260338e-05,0.4201756417751312,0.6081576347351074,0.5044247508049011,0.00013519003844444065,0.0,0.4224517047405243,0.02500000037252903,0.0344817228615284,12.923782348632812,1.0024031400680542,0.00014244575868360698,28.385,0.18414779252801275,5.265100585222244,"[41, 55, 15]",18.905,0.059694404279836924,6.0163241648674015,"[12, 14, 15]",pre,0.9989745914936066
10200,8.549509402655531e-07,8.853861004354258e-07,7.83510756718897e-07,4.906507911073277e-08,8.112230602819182e-07,4.805603470714459e-09,2.63850574810931e-06,11.421319961547852,1.0,0.023268822580575943,0.9767311774194241,0.023268822580575943,51.371559143066406,164.96902465820312,36.75138473510742,49.55388259887695,0.6159734725952148,0.0001855057044311224,1.0780832767486572,0.9937818050384521,0.5199999809265137,0.0006211171772596985,51.1068115234375,88.83033752441406,44338552.0,49.40436935424805,0.6212249994277954,0.00011482420362340103,3.395261526107788,3.376919984817505,0.5400000214576721,5.7765697767309576e-05,49.19524383544922,75.20072174072266,38.28195571899414,47.1740837097168,0.6649115085601807,9.20840418520938e-05,0.42239880561828613,0.6103219985961914,0.5044247508049011,0.00012232098407333793,0.0,0.42237335443496704,0.02500000037252903,0.03418407216668129,12.872095108032227,1.009964108467102,,,,,,,,,,pre,0.9988596439361572
10400,8.558362196708913e-07,8.966006248556369e-07,7.796222689648857e-07,4.910139139724379e-08,8.06706850653427e-07,4.984894275139595e-09,2.6134187010029564e-06,10.898438453674316,1.0,0.02819107286632061,0.9718089271336794,0.02819107286632061,51.17991638183594,164.69361877441406,36.15034484863281,49.388343811035156,0.6146017909049988,0.00018777171546100147,1.072929859161377,0.9904972314834595,0.5149999856948853,0.000641805718629158,50.90355682373047,88.35984802246094,194650448.0,49.22086715698242,0.6207249760627747,0.00011857742907891822,3.404839038848877,3.386356830596924,0.5400000214576721,5.710579526306016e-05,49.018402099609375,74.93097686767578,39.13384246826172,47.0153694152832,0.6643805503845215,9.579076071320802e-05,0.4246289134025574,0.6123907566070557,0.5044247508049011,0.0001328974288038774,0.0,0.4223446547985077,0.02500000037252903,0.03388772904872894,12.827784538269043,1.0181105136871338,,,,,,,,,,pre,0.9987900257110596
10600,8.484557838528417e-07,9.659385113991448e-07,7.764845122437691e-07,5.0499735948505986e-08,8.027226385820541e-07,4.977744438861009e-09,2.586931259429548e-06,10.355354309082031,1.0,0.03389640897512436,0.9661035910248756,0.03389640897512436,50.981021881103516,164.39515686035156,35.58777618408203,49.21574783325195,0.613584041595459,0.00018771829573589483,1.0671252012252808,0.9864971041679382,0.5149999856948853,0.0006668418378970408,50.694087982177734,87.86344146728516,61029272.0,49.03196716308594,0.6206499934196472,0.00012081411128321422,3.4132378101348877,3.3946735858917236,0.5400000214576721,5.259946623922013e-05,48.836063385009766,74.6513442993164,40.19999313354492,46.85190963745117,0.6631858348846436,9.793447930213455e-05,0.42645660042762756,0.6140105724334717,0.5044247508049011,0.0001166475174774952,0.0,0.4225052297115326,0.02500000037252903,0.03367624059319496,12.787040710449219,1.0257073640823364,,,,,,,,,,pre,0.9987142384052277
10800,8.44303656322154e-07,9.465626931159932e-07,7.717408720964158e-07,4.981675161275234e-08,7.976066171977436e-07,4.8011443709583546e-09,2.5581405225238996e-06,9.79577922821045,1.0,0.04105604812502861,0.9589439518749714,0.04105604812502861,50.77145004272461,164.0876007080078,34.67226791381836,49.0335807800293,0.6126769781112671,0.00019268385336472122,1.0597575902938843,0.9812474250793457,0.5149999856948853,0.0007024384296971414,50.47428512573242,87.34441375732422,85165512.0,48.83357238769531,0.6201750040054321,0.00012367207163021233,3.420179605484009,3.4017088413238525,0.5400000214576721,5.930239497081417e-05,48.644989013671875,74.35892486572266,41.489952087402344,46.680362701416016,0.6626548767089844,0.00010106135908633922,0.4263612627983093,0.6143081188201904,0.5132743120193481,0.0001191267461809684,0.0,0.4225078225135803,0.02500000037252903,0.0334608368575573,12.819401741027832,1.0337908267974854,,,,,,,,,,pre,0.9986677169799805
11000,8.421715733675228e-07,9.70227688412706e-07,7.670262220926816e-07,4.89468092723655e-08,7.920453981569153e-07,4.9077795161167614e-09,2.5292874852311797e-06,9.21358871459961,1.0,0.05011746287345886,0.9498825371265411,0.05011746287345886,50.55089569091797,163.75181579589844,35.19798278808594,48.84196090698242,0.6119247674942017,0.0001975415511473263,1.0514341592788696,0.975845992565155,0.5049999952316284,0.0006710973022681286,50.243324279785156,86.79492950439453,99042912.0,48.624813079833984,0.6191499829292297,0.00012613614518637784,3.4311277866363525,3.4128665924072266,0.5400000214576721,5.945495599857713e-05,48.44365310668945,74.05264282226562,42.8863410949707,46.499507904052734,0.661725640296936,0.00010418043397526879,0.42793312668800354,0.6153395175933838,0.5221238732337952,0.00013395477717905127,0.0,0.422860324382782,0.02500000037252903,0.033142298460006714,12.833257675170898,1.042457938194275,,,,,,,,,,pre,0.9986039102077484
11200,8.342939850081166e-07,9.280638550990261e-07,7.624851150467293e-07,4.981529500014403e-08,7.866684086366149e-07,4.9443165117679655e-09,2.5004967483255314e-06,8.621633529663086,1.0,0.05884326994419098,0.941156730055809,0.05884326994419098,50.318355560302734,163.39459228515625,36.40940856933594,48.640865325927734,0.6113716959953308,0.00020306397786918088,1.0443223714828491,0.9722698926925659,0.5049999952316284,0.0006898966635597919,50.00120544433594,86.23228454589844,115457888.0,48.40568923950195,0.6181750297546387,0.00012921544260905823,3.442431688308716,3.4248366355895996,0.5400000214576721,6.167734702031247e-05,48.23308563232422,73.73253631591797,44.28474044799805,46.31040573120117,0.6600884795188904,0.00010726186961313769,0.4304893910884857,0.6166855096817017,0.5221238732337952,0.00012236407068296837,0.0,0.42296865582466125,0.02500000037252903,0.03290600702166557,12.869861602783203,1.0485339164733887,,,,,,,,,,pre,0.9985196590423584
11400,8.280371162072697e-07,9.314586009168124e-07,7.57319241984078e-07,4.939921893765131e-08,7.803702715136751e-07,5.034013650373481e-09,2.46367608269793e-06,8.006591796875,1.0,0.07249133288860321,0.9275086671113968,0.07249133288860321,50.06523132324219,162.95816040039062,37.24591064453125,48.419898986816406,0.6105309724807739,0.00020904221290611689,1.03755521774292,0.9685829877853394,0.5,0.000702992020946198,49.73948287963867,85.64946746826172,51057408.0,48.168060302734375,0.6183000206947327,0.0001337837161210819,3.456238031387329,3.439760208129883,0.5400000214576721,6.30712062297434e-05,48.006256103515625,73.39540100097656,45.694908142089844,46.10620880126953,0.6588495373725891,0.00011126380980390184,0.4343161880970001,0.6186483502388,0.5221238732337952,0.00013085565778261934,0.0,0.42352089285850525,0.02500000037252903,0.03261227160692215,12.876029968261719,1.0518264770507812,,,,,,,,,,pre,0.9983633756637573
11600,8.181240787052957e-07,8.31489444408362e-07,7.533524808422953e-07,5.012872605902885e-08,7.754847501928452e-07,5.150694981637116e-09,2.4324885998794343e-06,7.389782428741455,1.0,0.0905022919178009,0.9094977080821991,0.0905022919178009,49.80221176147461,162.50413513183594,38.04531478881836,48.19046401977539,0.6096460223197937,0.00021070923766359289,1.030378818511963,0.9643645882606506,0.4950000047683716,0.0007236625265851783,49.46792984008789,85.03754425048828,63290264.0,47.921905517578125,0.6174499988555908,0.0001353876248041194,3.4695630073547363,3.4542956352233887,0.5400000214576721,6.809850539944367e-05,47.772857666015625,73.03897857666016,46.96546936035156,45.89640426635742,0.6571239233016968,0.00011373404119028723,0.4383205473423004,0.6207625865936279,0.5221238732337952,0.00014027798692127443,0.0,0.4236762523651123,0.02500000037252903,0.03234725818037987,12.917987823486328,1.0535608530044556,,,,,,,,,,pre,0.9983581900596619
11800,8.170997034540051e-07,8.65140066252934e-07,7.500321430597978e-07,4.9551800884728436e-08,7.712368983447959e-07,4.97741536875651e-09,2.4074640805338277e-06,6.790616512298584,1.0,0.10985568910837173,0.8901443108916283,0.10985568910837173,49.53691864013672,162.0489959716797,41.97696304321289,47.959442138671875,0.6088274121284485,0.00020625193817388001,1.0219025611877441,0.9585846662521362,0.49000000953674316,0.000693100559747251,49.19236373901367,84.390380859375,84156560.0,47.67277908325195,0.6163750290870667,0.00013585125533575884,3.4824764728546143,3.4683470726013184,0.5400000214576721,6.426613365264823e-05,47.53781509399414,72.6628646850586,47.882137298583984,45.68569564819336,0.6553982496261597,0.00011501218311490767,0.4421083927154541,0.6229852437973022,0.5221238732337952,0.00012839068901852202,0.0,0.4241018295288086,0.02500000037252903,0.032214097678661346,12.908448219299316,1.0540889501571655,,,,,,,,,,transition,0.998405784368515
12000,8.103256732283626e-07,8.423997996942489e-07,7.456952175743936e-07,4.990630131374019e-08,7.659474476895411e-07,4.9730579654294615e-09,2.376494421696407e-06,6.214426040649414,1.0,0.13222955167293549,0.8677704483270645,0.13222955167293549,49.273380279541016,161.60328674316406,44.411624908447266,47.73075866699219,0.6076769828796387,0.0002050092182838044,1.0142713785171509,0.9535685777664185,0.49000000953674316,0.0007042478662442372,48.91927719116211,83.712890625,303984576.0,47.42726135253906,0.6154749989509583,0.00013608967533118837,3.492051839828491,3.4791259765625,0.5400000214576721,6.201384136452465e-05,47.30614471435547,72.27070617675781,48.36178207397461,45.478904724121094,0.6539380550384521,0.00011572225408115557,0.4440031051635742,0.6241593360900879,0.5221238732337952,0.0001221259387734069,0.0,0.424285888671875,0.02500000037252903,0.03220626711845398,12.82359504699707,1.0524696111679077,,27.97,0.23439497790953073,5.033743359446525,"[41, 34, 55]",16.585,0.08250377524163405,5.796724717617035,"[15, 12, 34]",transition,0.9984531402587891
12200,8.032326945794921e-07,7.991547477104177e-07,7.415613936245791e-07,5.096941890769813e-08,7.609074827996665e-07,5.036226546906164e-09,2.347921508771833e-06,5.65437126159668,1.0,0.1609799712896347,0.8390200287103653,0.1609799712896347,49.00133514404297,161.1458282470703,44.977481842041016,47.494903564453125,0.6069247722625732,0.00020709803183965145,1.0060492753982544,0.9481192827224731,0.48500001430511475,0.0007085898692781899,48.640663146972656,83.003662109375,430801152.0,47.17706298828125,0.6143500208854675,0.0001376099473040118,3.5019187927246094,3.489926815032959,0.5350000262260437,6.50403334443826e-05,47.0718994140625,71.86355590820312,48.35374450683594,45.270118713378906,0.6526105999946594,0.00011738303265284451,0.44505029916763306,0.6247290968894958,0.5132743120193481,0.0001261118381639726,0.0,0.42443734407424927,0.02500000037252903,0.03205874562263489,12.865436553955078,1.048647165298462,,,,,,,,,,transition,0.9984660446643829
12400,8.071629054029472e-07,9.14704912702291e-07,7.39679592243192e-07,5.015288451204469e-08,7.578009899589233e-07,4.995895697135211e-09,2.3231459636008367e-06,5.123560905456543,1.0,0.19554759562015533,0.8044524043798447,0.19554759562015533,48.730323791503906,160.6767120361328,44.74277114868164,47.26068878173828,0.6062389612197876,0.00020412513434134714,0.9979060292243958,0.9420862793922424,0.48500001430511475,0.0007067215455840775,48.36513137817383,82.28102111816406,241203936.0,46.93013381958008,0.612975001335144,0.0001379414002029764,3.517164945602417,3.5058109760284424,0.5350000262260437,6.33731963677706e-05,46.84286117553711,71.44660949707031,48.15911865234375,45.06770324707031,0.6504424810409546,0.00011789537326210395,0.4481836259365082,0.6264832019805908,0.5132743120193481,0.00012048973884152089,0.0,0.42513707280158997,0.02500000037252903,0.0318642295897007,12.85950756072998,1.0411176681518555,,,,,,,,,,transition,0.9985435009002686
12600,8.001027254067594e-07,9.038406005856814e-07,7.348763233494537e-07,5.002598157943794e-08,7.521346674366214e-07,4.954843202398251e-09,2.296098273291136e-06,4.627476692199707,1.0,0.2314576506614685,0.7685423493385315,0.2314576506614685,48.46127700805664,160.2061309814453,46.284568786621094,47.02747344970703,0.6051990985870361,0.00020273989200493661,0.9904534220695496,0.9359830617904663,0.49000000953674316,0.0006764984460652795,48.09259033203125,81.55293273925781,2217392640.0,46.68639373779297,0.6119999885559082,0.00013737948980988737,3.5268731117248535,3.5162556171417236,0.5350000262260437,5.7887018547369874e-05,46.61824035644531,71.01815795898438,48.147682189941406,44.87022399902344,0.6488495469093323,0.00011846061207473972,0.4495009481906891,0.6271666884422302,0.5132743120193481,0.00011592286159536883,0.0,0.42538121342658997,0.02500000037252903,0.03183681517839432,12.873726844787598,1.029308557510376,,,,,,,,,,transition,0.998599648475647
12800,7.976262850206695e-07,9.469910651205282e-07,7.321905854951183e-07,5.291840565746497e-08,7.49017658563389e-07,5.451437523618097e-09,2.274746520924964e-06,4.168036460876465,1.0,0.2640116214752197,0.7359883785247803,0.2640116214752197,48.19911575317383,159.73716735839844,48.38199234008789,46.80154037475586,0.6046017408370972,0.00019829108267759108,0.9833047389984131,0.9311197400093079,0.49000000953674316,0.0007303708536275371,47.825687408447266,80.8093490600586,449693440.0,46.44865036010742,0.611299991607666,0.00013600689445023964,3.5427324771881104,3.532768487930298,0.5350000262260437,6.646276508372587e-05,46.39996337890625,70.58228302001953,48.74186325073242,44.679744720458984,0.6471681594848633,0.0001185801984686712,0.4527566134929657,0.628811240196228,0.5132743120193481,0.0001340155730020015,0.0,0.42544907331466675,0.02500000037252903,0.03169712796807289,12.847343444824219,1.013710856437683,,,,,,,,,,transition,0.9986977577209473
13000,7.95957419086335e-07,1.0080224228659063e-06,7.298229434127279e-07,5.204968900329732e-08,7.459411222043855e-07,5.235285094329356e-09,2.2522742710862076e-06,3.7466232776641846,1.0,0.3084237575531006,0.6915762424468994,0.3084237575531006,47.94797897338867,159.2562713623047,49.15605163574219,46.58616256713867,0.6038717031478882,0.00019280225164016024,0.9760783910751343,0.9266059398651123,0.4950000047683716,0.0007493282025282858,47.56865310668945,80.06331634521484,358845824.0,46.2210578918457,0.6101250052452087,0.00013391938329742202,3.5595500469207764,3.5501582622528076,0.5350000262260437,5.6911415266865394e-05,46.19146728515625,70.14155578613281,49.71849822998047,44.49954605102539,0.6446017622947693,0.00011788920215044662,0.4568667411804199,0.6306993961334229,0.5221238732337952,0.00012090113754340862,0.0,0.4257845878601074,0.02500000037252903,0.0315796360373497,12.845955848693848,0.9929793477058411,,,,,,,,,,transition,0.9987602829933167
13200,7.906846803962253e-07,9.590831950845313e-07,7.263896009135351e-07,5.217347620600776e-08,7.419520215989905e-07,5.207571263099453e-09,2.2302376692096004e-06,3.3643059730529785,1.0,0.3495916724205017,0.6504083275794983,0.3495916724205017,47.706905364990234,158.78318786621094,52.281524658203125,46.378875732421875,0.6031858325004578,0.00018950315332647426,0.9694996476173401,0.9230534434318542,0.4950000047683716,0.0007189041389853866,47.32185363769531,79.3194351196289,197120320.0,46.00327682495117,0.6085000038146973,0.00013133465091448484,3.5747921466827393,3.565852642059326,0.5350000262260437,5.4997799716926086e-05,45.99305725097656,69.6983642578125,50.608062744140625,44.329715728759766,0.6417698860168457,0.0001166051245285183,0.46060359477996826,0.6322771906852722,0.5221238732337952,0.00011777960826005018,0.0,0.42584332823753357,0.02500000037252903,0.031479112803936005,12.881051063537598,0.9679870009422302,,,,,,,,,,transition,0.998886376619339
13400,7.845479217394313e-07,9.045283491104783e-07,7.234160079860885e-07,5.208048747817884e-08,7.381823365903983e-07,5.257422053261962e-09,2.209321792179253e-06,3.011375665664673,1.0,0.3952343761920929,0.6047656238079071,0.3952343761920929,47.468536376953125,158.28184509277344,54.727195739746094,46.17280960083008,0.602455735206604,0.0001870820268061967,0.9644997715950012,0.9204042553901672,0.4950000047683716,0.0007785497070449555,47.081600189208984,78.5751953125,1493968384.0,45.791534423828125,0.60732501745224,0.000129068722444423,3.5898690223693848,3.5813605785369873,0.5350000262260437,5.0226255926478594e-05,45.80189514160156,69.2503433227539,51.22105407714844,44.167335510253906,0.6400442719459534,0.00011577872629996151,0.4637438952922821,0.6335848569869995,0.5221238732337952,0.00011052054460781973,0.0,0.42578327655792236,0.02500000037252903,0.031442560255527496,12.912002563476562,0.9391458034515381,,,,,,,,,,transition,0.9989297986030579
13600,7.820201517461101e-07,8.636985739940428e-07,7.212119044197607e-07,5.170355521499914e-08,7.352288093898096e-07,5.371506350826394e-09,2.1892149106861325e-06,2.692023754119873,1.0,0.4350598454475403,0.5649401545524597,0.4350598454475403,47.23387145996094,157.7740478515625,56.71693420410156,45.969730377197266,0.602035403251648,0.0001874856977297769,0.9595604538917542,0.9182006120681763,0.5,0.00068827614755705,46.84806442260742,77.83489990234375,178946080.0,45.586299896240234,0.6064249873161316,0.00012713960038054196,3.606977701187134,3.5988693237304688,0.5350000262260437,5.2011908471676894e-05,45.61764907836914,68.7987060546875,51.60686492919922,44.01200866699219,0.6381858587265015,0.00011494224484283235,0.46795496344566345,0.6356787085533142,0.5221238732337952,0.00012429032285843814,0.0,0.4259451627731323,0.02500000037252903,0.0313120111823082,12.907342910766602,0.9077467918395996,,,,,,,,,,transition,0.9989762306213379
13800,7.789102483002353e-07,9.469371207160293e-07,7.181655519161723e-07,5.41125437791834e-08,7.31703096334968e-07,5.576272776863789e-09,2.169108483940363e-06,2.4011337757110596,1.0,0.47466158866882324,0.5253384113311768,0.47466158866882324,47.003910064697266,157.2501678466797,58.65229415893555,45.77183151245117,0.6009292006492615,0.000186845789933687,0.9545900225639343,0.9163380861282349,0.49000000953674316,0.0007585203964585442,46.62107849121094,77.09503936767578,291714208.0,45.387733459472656,0.6055750250816345,0.00012601625614003134,3.6229166984558105,3.6153948307037354,0.5350000262260437,5.622610562191868e-05,45.439537048339844,68.34294128417969,51.951805114746094,43.86279296875,0.6358849406242371,0.00011382554374104137,0.47251367568969727,0.6378971934318542,0.5221238732337952,0.00012522910309563926,0.0,0.42574673891067505,0.02500000037252903,0.03122454322874546,12.915454864501953,0.8735033273696899,,,,,,,,,,transition,0.9990339577198029
14000,7.814670084371755e-07,9.994503216148587e-07,7.165018587329541e-07,5.0787722472023233e-08,7.287541166078881e-07,5.110548872977461e-09,2.1485968773049535e-06,2.1380817890167236,1.0,0.5123615860939026,0.4876384139060974,0.5123615860939026,46.7769889831543,156.71592712402344,60.82742691040039,45.576171875,0.6002212166786194,0.00018709342552623867,0.9518317580223083,0.9160585403442383,0.49000000953674316,0.000693387703046987,46.397216796875,76.35193634033203,333702560.0,45.192317962646484,0.6040499806404114,0.00012512532411520128,3.640862226486206,3.6338441371917725,0.5350000262260437,4.764621616709844e-05,45.264549255371094,67.88091278076172,52.20552062988281,43.71652603149414,0.6336283087730408,0.00011290029957607264,0.47829732298851013,0.6409714818000793,0.5221238732337952,0.00011117730783872682,0.0,0.4251762330532074,0.02500000037252903,0.031086161732673645,12.98006534576416,0.8371540904045105,,27.49,0.27339745912673885,4.8375263500213626,"[41, 14, 34]",19.485,0.109488484604395,5.37781758069992,"[15, 12, 34]",transition,0.9990519285202026
14200,7.704309723521874e-07,8.415046295340289e-07,7.123572913769749e-07,5.220425336460721e-08,7.241260959744977e-07,5.28846832992258e-09,2.1292062228894792e-06,1.8980880975723267,1.0,0.5517395734786987,0.44826042652130127,0.5517395734786987,46.55379867553711,156.15460205078125,63.65340805053711,45.3836784362793,0.5996902585029602,0.00018323123705167547,0.9482654929161072,0.9152284860610962,0.49000000953674316,0.0007775280238805966,46.176395416259766,75.59191131591797,3714335744.0,44.999847412109375,0.602150022983551,0.0001240178523553598,3.65120792388916,3.644582509994507,0.5350000262260437,4.486880743048186e-05,45.092979431152344,67.41049194335938,52.46622085571289,43.57316589355469,0.6314159035682678,0.00011176862192219256,0.4808659553527832,0.6419779658317566,0.5309734344482422,0.00010890510944853108,0.0,0.4248041808605194,0.02500000037252903,0.031137075275182724,13.036384582519531,0.7995854616165161,,,,,,,,,,transition,0.9991032481193542
14400,7.672787205592613e-07,7.551726071142184e-07,7.095813998603262e-07,5.299755301280129e-08,7.20856462521624e-07,5.374485745335278e-09,2.11121596294106e-06,1.6792097091674805,1.0,0.5891039371490479,0.41089606285095215,0.5891039371490479,46.33925247192383,155.5935821533203,66.0617904663086,45.19889450073242,0.5982964634895325,0.0001832881035706912,0.9445239901542664,0.9138242602348328,0.49000000953674316,0.0006995770567828836,45.964542388916016,74.81929779052734,8281596928.0,44.81623458862305,0.6011999845504761,0.0001233879246901425,3.6618263721466064,3.655316114425659,0.5350000262260437,4.449772192300318e-05,44.92966079711914,66.9385757446289,52.671775817871094,43.4377555847168,0.6297787427902222,0.00011067963113716768,0.482923299074173,0.6426083445549011,0.5309734344482422,0.00010295388597764397,0.0,0.4248355031013489,0.02500000037252903,0.031137075275182724,13.02966594696045,0.7617780566215515,,,,,,,,,,transition,0.9991862177848816
14600,7.69463667893433e-07,9.773527835932327e-07,7.066280431899941e-07,5.394032598360354e-08,7.173048857112008e-07,5.48880585427014e-09,2.0884945115540177e-06,1.472317099571228,1.0,0.622664749622345,0.37733525037765503,0.622664749622345,46.119773864746094,155.00465393066406,66.28739929199219,45.00965118408203,0.598141610622406,0.00018648117624910028,0.9405023455619812,0.912345290184021,0.49000000953674316,0.0007587444678685819,45.75083923339844,74.03254699707031,1692145408.0,44.630699157714844,0.6002500057220459,0.00012465833412253212,3.675982713699341,3.6694462299346924,0.5350000262260437,4.450000165617092e-05,44.76374816894531,66.46270751953125,52.963008880615234,43.299922943115234,0.6280530691146851,0.00011057045083417892,0.4858614206314087,0.6440633535385132,0.5309734344482422,0.0001074472618569557,0.0,0.42469581961631775,0.02500000037252903,0.031084856018424034,13.007776260375977,0.7218022346496582,,,,,,,,,,transition,0.9991743266582489
14800,7.64146136589261e-07,8.826292514640954e-07,7.036479701127973e-07,5.3958501666784286e-08,7.135043347261671e-07,5.527583279985038e-09,2.069975153062842e-06,1.2820965051651,1.0,0.6623783707618713,0.33762162923812866,0.6623783707618713,45.90164566040039,154.4048309326172,64.7967758178711,44.82149887084961,0.5975000262260437,0.0001857573147041397,0.9357602000236511,0.9100396037101746,0.49000000953674316,0.0008313951402265595,45.53899383544922,73.22750091552734,955899264.0,44.447059631347656,0.599399983882904,0.0001258348285149832,3.686873197555542,3.6803512573242188,0.5350000262260437,4.468461137224158e-05,44.598419189453125,65.97845458984375,53.39961242675781,43.16267395019531,0.626681387424469,0.00011064131607687054,0.4874461591243744,0.6446064114570618,0.5309734344482422,0.00010405013340228672,0.0,0.42481985688209534,0.02500000037252903,0.03109138458967209,13.046101570129395,0.6804774403572083,,,,,,,,,,transition,0.9991953670978546
15000,7.65980587402737e-07,9.699508609628538e-07,7.006659075159405e-07,5.473375708220374e-08,7.100360335243749e-07,5.584662954305486e-09,2.048063379334053e-06,1.105704426765442,1.0,0.700861394405365,0.299138605594635,0.700861394405365,45.680450439453125,153.7699432373047,63.7066764831543,44.63182830810547,0.5966814160346985,0.0001882620254081761,0.9312002658843994,0.9078673124313354,0.49000000953674316,0.0007881523814759544,45.326637268066406,72.40674591064453,835341440.0,44.26302719116211,0.5979250073432922,0.00012716154016923116,3.6988375186920166,3.6922965049743652,0.5350000262260437,4.28626823908325e-05,44.43204116821289,65.48623657226562,53.95976257324219,43.02473449707031,0.6244247555732727,0.0001112410251239784,0.4899214208126068,0.6458272933959961,0.5309734344482422,0.00010184276493989763,0.0,0.42477938532829285,0.02500000037252903,0.031077023595571518,13.005561828613281,0.6380017399787903,0.00011991032079095021,,,,,,,,,transition,0.9991793632507324
15200,7.616337143190322e-07,1.003830902845948e-06,6.971228572183463e-07,5.534068137080794e-08,7.057830089252093e-07,5.495355281937009e-09,2.025933554250514e-06,0.943000078201294,1.0,0.7346459627151489,0.2653540372848511,0.7346459627151489,45.45882797241211,153.09742736816406,67.22630310058594,44.442962646484375,0.5959513187408447,0.0001900217876065338,0.9261922240257263,0.9056662917137146,0.48500001430511475,0.0007419981745682955,45.11409378051758,71.57154846191406,1713911680.0,44.0790901184082,0.5972750186920166,0.00012882701132267634,3.7086756229400635,3.7021234035491943,0.5350000262260437,4.306772128375848e-05,44.264869689941406,64.98479461669922,54.643028259277344,42.88628005981445,0.6220796704292297,0.00011182905830389606,0.491989403963089,0.6468910574913025,0.5309734344482422,8.869846594428299e-05,0.0,0.4247506558895111,0.02500000037252903,0.031194517388939857,13.023430824279785,0.5942993760108948,,,,,,,,,,transition,0.9991758763790131
15400,7.547006362074171e-07,8.788475724941236e-07,6.946651183170616e-07,5.353636467475553e-08,7.023888883850304e-07,5.406364689264365e-09,2.0063555439264746e-06,0.7940477728843689,1.0,0.7677592635154724,0.2322407364845276,0.7677592635154724,45.23729705810547,152.38949584960938,69.70816802978516,44.25480270385742,0.5944468975067139,0.00019169027868844407,0.9208561778068542,0.9034353494644165,0.47999998927116394,0.0007837864172850239,44.89918518066406,70.72061157226562,1854844288.0,43.89319610595703,0.5968000292778015,0.00013073221559139564,3.720388174057007,3.713766098022461,0.5350000262260437,4.25104435689842e-05,44.09506607055664,64.47594451904297,55.395835876464844,42.745365142822266,0.6201327443122864,0.00011239613586863757,0.4938886761665344,0.6480280160903931,0.5309734344482422,8.978715456870453e-05,0.0,0.4244125187397003,0.02500000037252903,0.031134463846683502,13.095367431640625,0.5491530895233154,,,,,,,,,,transition,0.999177098274231
15600,7.562884434264561e-07,9.801890428207116e-07,6.907091005814436e-07,5.4490154610675745e-08,6.978789315326139e-07,5.466400221365575e-09,1.984505843211082e-06,0.6570388078689575,1.0,0.8036693334579468,0.19633066654205322,0.8036693334579468,45.013179779052734,151.66622924804688,71.974365234375,44.064579010009766,0.5924557447433472,0.0001966134870393354,0.9156766533851624,0.9009675979614258,0.4749999940395355,0.0007712990141215577,44.680477142333984,69.85604095458984,2295790592.0,43.703887939453125,0.5955749750137329,0.00013311713311134246,3.7298519611358643,3.723137378692627,0.5350000262260437,4.1694565597840655e-05,43.920989990234375,63.95661926269531,56.08021926879883,42.600624084472656,0.6180973649024963,0.00011329896559529171,0.49540284276008606,0.6489049196243286,0.5309734344482422,9.832044682803503e-05,0.0,0.4241240322589874,0.02500000037252903,0.03115926869213581,13.088937759399414,0.502227246761322,,,,,,,,,,transition,0.9991677403450012
15800,7.432245752170274e-07,8.05644219781243e-07,6.859200993858394e-07,5.5143416943792545e-08,6.924079229975177e-07,5.747193831950881e-09,1.9587032511481084e-06,0.5322444438934326,1.0,0.8386844396591187,0.16131556034088135,0.8386844396591187,44.782535552978516,150.91165161132812,75.21147155761719,43.869449615478516,0.5913495421409607,0.0002045109338330179,0.9104666709899902,0.8988032937049866,0.4699999988079071,0.0007693513048338616,44.45532989501953,68.97592163085938,32856276992.0,43.50877380371094,0.5944499969482422,0.00013613941153191243,3.742326021194458,3.7355120182037354,0.5350000262260437,4.758011184168885e-05,43.739715576171875,63.42508316040039,56.51699447631836,42.44912338256836,0.6164159178733826,0.00011542915580376081,0.4984164237976074,0.6505213379859924,0.5132743120193481,0.00011411931342972229,0.0,0.42366448044776917,0.02500000037252903,0.031125325709581375,13.09968090057373,0.45220333337783813,,,,,,,,,,transition,0.9991314709186554
16000,7.432568622789404e-07,8.609420092398068e-07,6.824011506978422e-07,5.551637727307934e-08,6.881551826154464e-07,5.651200396528111e-09,1.9344877273397287e-06,0.4223121404647827,1.0,0.8715739846229553,0.12842601537704468,0.8715739846229553,44.54458999633789,150.07864379882812,75.20519256591797,43.667110443115234,0.5908406972885132,0.0002037810254364805,0.9066435694694519,0.8973400592803955,0.4699999988079071,0.0007547043833909507,44.223670959472656,68.06332397460938,3626876416.0,43.30812072753906,0.5931000113487244,0.00013916682364600595,3.7570364475250244,3.7499072551727295,0.5350000262260437,4.637172434172845e-05,43.551761627197266,62.874725341796875,56.68342590332031,42.291343688964844,0.6148672699928284,0.00011675872744903293,0.5028945803642273,0.6530558466911316,0.5221238732337952,0.0001064507798428155,0.0,0.4232689440250397,0.02500000037252903,0.031058747321367264,13.085685729980469,0.39944154024124146,,26.595,0.32397057739120716,4.606312271952629,"[41, 15, 12]",22.07,0.13078153876168283,4.939113150835038,"[15, 41, 12]",transition,0.9991046488285065
16200,7.425234684887982e-07,9.483514418207051e-07,6.792313342884881e-07,5.47016369978337e-08,6.840976993771619e-07,5.505055966636974e-09,1.91120625459007e-06,0.3283572494983673,1.0,0.9013312458992004,0.09866875410079956,0.9013312458992004,44.29618453979492,149.17723083496094,73.98511505126953,43.454559326171875,0.5900663733482361,0.00020526473438819086,0.9019023776054382,0.8949786424636841,0.4699999988079071,0.0007350369048737425,43.982791900634766,67.1121826171875,3888068096.0,43.099063873291016,0.5927249789237976,0.00014113980574225434,3.7672059535980225,3.75992751121521,0.5350000262260437,4.498821083132613e-05,43.355594635009766,62.30950164794922,56.52659606933594,42.12565994262695,0.6123008728027344,0.00011864174771930226,0.5052106976509094,0.6541831493377686,0.5221238732337952,0.00010457875942333963,0.0,0.42342036962509155,0.02500000037252903,0.031116187572479248,13.050870895385742,0.34578466415405273,,,,,,,,,,transition,0.9990876317024231
16400,7.358029279203038e-07,9.856786391537753e-07,6.740190201526275e-07,5.731111230034003e-08,6.785432447031781e-07,5.803729496989263e-09,1.8860571344703203e-06,0.2505350410938263,1.0,0.9246000647544861,0.07539993524551392,0.9246000647544861,44.045257568359375,148.25267028808594,76.11415100097656,43.23933792114258,0.5895796418190002,0.00020606515834213854,0.8967297673225403,0.8920605778694153,0.4699999988079071,0.0007529293656061575,43.73952865600586,66.12200927734375,9924210688.0,42.88840866088867,0.5914750099182129,0.00014229051441474967,3.7769391536712646,3.7693753242492676,0.5350000262260437,4.707938273428885e-05,43.15769958496094,61.73257827758789,56.1470947265625,41.95844650268555,0.6106637120246887,0.0001195631171895523,0.506698727607727,0.6547240018844604,0.5221238732337952,0.00010000729055368408,0.0,0.4234660565853119,0.02500000037252903,0.03125457093119621,13.037979125976562,0.29452723264694214,,,,,,,,,,transition,0.9990985691547394
16600,7.346436063926376e-07,9.41891698857944e-07,6.713725611007249e-07,5.5497057616094025e-08,6.75121441418014e-07,5.497961641509619e-09,1.8642696204551612e-06,0.18883396685123444,1.0,0.9448484182357788,0.05515158176422119,0.9448484182357788,43.7952995300293,147.32850646972656,77.8311767578125,43.02546310424805,0.5882300734519958,0.0002035955257421711,0.8923595547676086,0.8898863196372986,0.4699999988079071,0.0007671035927369477,43.497867584228516,65.10334014892578,47552077824.0,42.679622650146484,0.5907999873161316,0.00014130814082669968,3.788372278213501,3.780395984649658,0.5350000262260437,4.290880092530933e-05,42.960697174072266,61.14574432373047,56.01690673828125,41.79212188720703,0.6085398197174072,0.00012005781257381088,0.5084429979324341,0.655375063419342,0.5221238732337952,9.29036097447353e-05,0.0,0.4232754707336426,0.02500000037252903,0.03138250485062599,13.069597244262695,0.24704548716545105,,,,,,,,,,transition,0.9991263747215271
16800,7.231566883092455e-07,8.320656093019352e-07,6.680328965558147e-07,5.7753972271257226e-08,6.717434644087916e-07,5.825689708416348e-09,1.8447228740114952e-06,0.14068761467933655,1.0,0.9592795372009277,0.040720462799072266,0.9592795372009277,43.5477409362793,146.41323852539062,77.58898162841797,42.814064025878906,0.5856637358665466,0.00019951256139364207,0.8897588849067688,0.8892515301704407,0.4749999940395355,0.000756563878689062,43.2587776184082,64.06888580322266,74370596864.0,42.47333908081055,0.5895749926567078,0.0001393736919882987,3.800992012023926,3.7924599647521973,0.5350000262260437,5.0111407540936845e-05,42.765262603759766,60.55299758911133,56.9444694519043,41.627410888671875,0.606637179851532,0.00011961249839173677,0.5096732974052429,0.6556122303009033,0.5221238732337952,0.0001010391094230633,0.0,0.42312923073768616,0.02500000037252903,0.031464751809835434,13.130744934082031,0.20462419092655182,,,,,,,,,,transition,0.999159961938858
17000,7.287612788786646e-07,9.71677422967332e-07,6.6551427835293e-07,5.646320033747543e-08,6.685784228466218e-07,5.726981111564555e-09,1.826950551730988e-06,0.10409935563802719,1.0,0.9695715308189392,0.03042846918106079,0.9695715308189392,43.313961029052734,145.47042846679688,79.06637573242188,42.6158447265625,0.5847787857055664,0.00019592835088383498,0.8880957961082458,0.8891966342926025,0.4699999988079071,0.000806234385250784,43.03300094604492,63.02988815307617,21756139520.0,42.279991149902344,0.5877749919891357,0.0001368175550708788,3.817124843597412,3.8080198764801025,0.5350000262260437,4.884613950647743e-05,42.58120346069336,59.963279724121094,58.56333923339844,41.47392654418945,0.6046902537345886,0.0001179721059385142,0.5131920576095581,0.6573216319084167,0.5221238732337952,9.055719443205445e-05,0.0,0.4226122796535492,0.02500000037252903,0.03150913864374161,13.167793273925781,0.16828031837940216,,,,,,,,,,transition,0.9992188513278961
17200,7.299426556528488e-07,1.0676659485397977e-06,6.62272952922649e-07,5.745836517689895e-08,6.654123581029125e-07,5.662692093011401e-09,1.8104231003235327e-06,0.07730448991060257,1.0,0.979416012763977,0.02058398723602295,0.979416012763977,43.09190368652344,144.51722717285156,80.01044464111328,42.42799377441406,0.5834071040153503,0.00019107390083571951,0.886091411113739,0.8895260095596313,0.4699999988079071,0.0007717914688780825,42.819091796875,61.99281311035156,20911536128.0,42.0980110168457,0.5854250192642212,0.00013384448489408646,3.8307273387908936,3.8210432529449463,0.5350000262260437,4.8013357278414735e-05,42.40757751464844,59.37596130371094,60.21390151977539,41.33042907714844,0.6026548743247986,0.00011604599565969067,0.5151770114898682,0.6576954126358032,0.5132743120193481,8.55660996835054e-05,0.0,0.422454297542572,0.02500000037252903,0.03166840597987175,13.177717208862305,0.13823272287845612,,,,,,,,,,transition,0.9992774128913879
17400,7.246134714478103e-07,1.029845179800759e-06,6.600000688194996e-07,5.6694915429034154e-08,6.625877517763001e-07,5.6881921395302015e-09,1.7952962707568076e-06,0.05733244866132736,1.0,0.9840027093887329,0.01599729061126709,0.9840027093887329,42.87638473510742,143.49620056152344,81.10796356201172,42.24671173095703,0.5824999809265137,0.00018846236636590623,0.8848648071289062,0.8904001712799072,0.4650000035762787,0.000808840673442067,42.61505126953125,60.962303161621094,12255340544.0,41.92548751831055,0.5845999717712402,0.0001308071742303422,3.843972682952881,3.8336424827575684,0.5350000262260437,4.6186763262641344e-05,42.242000579833984,58.79383850097656,61.638038635253906,41.19451904296875,0.6003982424736023,0.00011385201152367362,0.5165607929229736,0.6576160192489624,0.5044247508049011,8.52133463023024e-05,0.0,0.4215978980064392,0.02500000037252903,0.03177806735038757,13.237848281860352,0.11333460360765457,,,,,,,,,,post,0.9993239045143127
17600,7.154468448788975e-07,8.77362936080317e-07,6.56523752695648e-07,5.7478764858842624e-08,6.593202215299243e-07,5.658268076302875e-09,1.778799969542888e-06,0.042624473571777344,1.0,0.9889249205589294,0.011075079441070557,0.9889249205589294,42.670867919921875,142.43594360351562,87.77620697021484,42.075157165527344,0.5803097486495972,0.0001840318615937954,0.8842160105705261,0.8919803500175476,0.4749999940395355,0.0007360972614817587,42.42140197753906,59.939693450927734,31715520512.0,41.762630462646484,0.5835000276565552,0.0001281241921603503,3.8568546772003174,3.8459248542785645,0.5350000262260437,4.377705130997115e-05,42.084327697753906,58.221588134765625,62.93680191040039,41.066043853759766,0.5990707874298096,0.00011130167479504682,0.5177765488624573,0.6573367118835449,0.5044247508049011,8.212449372285336e-05,0.0,0.42069974541664124,0.02500000037252903,0.03196736425161362,13.273280143737793,0.09272842109203339,,,,,,,,,,post,0.9993574917316437
17800,7.153819865379774e-07,8.80333118402632e-07,6.539135029015597e-07,5.80600030275491e-08,6.567435661963827e-07,5.7148992205213744e-09,1.7656963109402568e-06,0.031677208840847015,1.0,0.9922810196876526,0.007718980312347412,0.9922810196876526,42.47610092163086,141.36659240722656,87.64701843261719,41.91414260864258,0.5788716673851013,0.00018411521222380084,0.8836637139320374,0.8934828042984009,0.4749999940395355,0.0007521857089669047,42.238609313964844,58.940673828125,39179264000.0,41.609596252441406,0.5831249952316284,0.000125385050268775,3.8711111545562744,3.8593876361846924,0.5350000262260437,4.109897705965319e-05,41.934791564941406,57.660953521728516,64.0293960571289,40.945037841796875,0.597123920917511,0.00010895768741533213,0.5193846225738525,0.6571561098098755,0.5044247508049011,8.172807263074062e-05,0.0,0.42016056180000305,0.02500000037252903,0.032069191336631775,13.240791320800781,0.07569612562656403,,,,,,,,,,post,0.9994130730628967
18000,7.132578616619867e-07,9.494778510088508e-07,6.511349965876434e-07,5.836365701838986e-08,6.538634238495433e-07,5.713325368361666e-09,1.75025820681185e-06,0.02355487458407879,1.0,0.9950777292251587,0.004922270774841309,0.9950777292251587,42.290252685546875,140.28518676757812,85.51949310302734,41.7608528137207,0.5776770114898682,0.00018248485133889864,0.8849964141845703,0.8961101174354553,0.47999998927116394,0.0007486505654744185,42.06471252441406,57.950538635253906,113984847872.0,41.46464538574219,0.5815749764442444,0.00012299954918728776,3.8849050998687744,3.8724992275238037,0.5350000262260437,3.7312273043969804e-05,41.791221618652344,57.109718322753906,64.89369201660156,40.82935333251953,0.5954424738883972,0.00010643138099902143,0.5211091637611389,0.6569108963012695,0.5044247508049011,8.369205631906142e-05,0.0,0.41987335681915283,0.02500000037252903,0.03215665742754936,13.219345092773438,0.06155459210276604,,25.475,0.38147673835913,4.3217926025390625,"[41, 21, 15]",20.435,0.15590480710174004,4.418717306852341,"[15, 41, 13]",post,0.9994339942932129
18200,7.124442049644131e-07,9.924850701281684e-07,6.482741241597978e-07,5.6536428871822864e-08,6.506178351628478e-07,5.508685507749078e-09,1.7337619055979303e-06,0.017570914700627327,1.0,0.9968676567077637,0.003132343292236328,0.9968676567077637,42.11272048950195,139.20138549804688,88.08181762695312,41.61568832397461,0.5769911408424377,0.00017880993518363375,0.8913230299949646,0.9033936262130737,0.4749999940395355,0.0008252137575106566,41.89869689941406,56.974430084228516,70477193216.0,41.326786041259766,0.5809000134468079,0.00012131824057455384,3.893930435180664,3.881141185760498,0.5350000262260437,4.010062646749785e-05,41.6522331237793,56.56645584106445,65.59369659423828,40.717533111572266,0.5934513211250305,0.00010419072741274795,0.5211358070373535,0.6554528474807739,0.5044247508049011,8.488542173965208e-05,0.0,0.4193994700908661,0.02500000037252903,0.032330285757780075,13.186607360839844,0.050080712884664536,,,,,,,,,,post,0.9994576573371887
18400,7.076858992149937e-07,9.381917038808751e-07,6.459478640863381e-07,5.600171348874028e-08,6.482748062808241e-07,5.449053652739622e-09,1.7228059050466982e-06,0.013269728980958462,1.0,0.9980981945991516,0.0019018054008483887,0.9980981945991516,41.94256591796875,138.1180419921875,95.70672607421875,41.47700881958008,0.5756415724754333,0.00017466420335318913,0.9073508977890015,0.9185315370559692,0.4699999988079071,0.0008635067640957111,41.74110412597656,56.017215728759766,50922233856.0,41.196632385253906,0.5795750021934509,0.00011958547171001916,3.895369529724121,3.8820321559906006,0.5350000262260437,4.4080394957900164e-05,41.5184326171875,56.03297805786133,66.18087768554688,40.60997772216797,0.5911504626274109,0.0001015646056939584,0.5192880630493164,0.6528671979904175,0.5132743120193481,8.614767909850608e-05,0.0,0.41897520422935486,0.02500000037252903,0.03245169669389725,13.161515235900879,0.040877439081668854,,,,,,,,,,post,0.9995058178901672
18600,7.061551059450721e-07,1.0013657174567925e-06,6.430967687265365e-07,5.706035111074925e-08,6.45765339868376e-07,5.819868142964424e-09,1.7107604435295798e-06,0.010107515379786491,1.0,0.9985457062721252,0.0014542937278747559,0.9985457062721252,41.779197692871094,137.04803466796875,97.39777374267578,41.34334945678711,0.5745132565498352,0.00017225559760636046,0.9423597455024719,0.9505515098571777,0.4699999988079071,0.0008380085750405767,41.59292221069336,55.06679153442383,22518810624.0,41.07524871826172,0.5775250196456909,0.00011870087010648576,3.8954246044158936,3.881453514099121,0.5350000262260437,4.756190269281684e-05,41.39020919799805,55.51469802856445,66.6481704711914,40.50729751586914,0.5897344946861267,9.891916563049098e-05,0.51996248960495,0.6523885726928711,0.5132743120193481,8.37076122527239e-05,0.0,0.4186423122882843,0.02500000037252903,0.03221932053565979,13.130351066589355,0.03344237431883812,,,,,,,,,,post,0.9995352923870087
18800,7.02939587426954e-07,9.426819360669469e-07,6.405104500117886e-07,5.626449350870644e-08,6.432262580347015e-07,5.741076947174406e-09,1.697189873084426e-06,0.007769126910716295,1.0,0.9989931583404541,0.0010068416595458984,0.9989931583404541,41.62392044067383,135.99668884277344,94.44034576416016,41.217041015625,0.5738495588302612,0.00017289013898221902,0.98047935962677,0.9864831566810608,0.4699999988079071,0.0008678049100504118,41.455657958984375,54.124488830566406,66386640896.0,40.96406936645508,0.5762500166893005,0.00011819473088910597,3.8891308307647705,3.874695301055908,0.5350000262260437,4.8495815935931635e-05,41.26776123046875,55.00829315185547,67.07833862304688,40.40962219238281,0.5884513258934021,9.630280488186183e-05,0.521212100982666,0.6523910760879517,0.5132743120193481,7.835433224522766e-05,0.0,0.4183485507965088,0.02500000037252903,0.032121408730745316,13.168088912963867,0.027438655495643616,,,,,,,,,,post,0.9995607137680054
19000,7.021946544227831e-07,1.0551051445872872e-06,6.373965106831747e-07,5.52865415670567e-08,6.402647159120534e-07,5.614215314864168e-09,1.6846464632180869e-06,0.005972107872366905,1.0,0.9989931583404541,0.0010068416595458984,0.9989931583404541,41.47240447998047,134.9640350341797,90.40843963623047,41.09455871582031,0.5722345113754272,0.0001702464057737941,1.0138442516326904,1.0190519094467163,0.4749999940395355,0.0007352791389791718,41.324031829833984,53.19549560546875,102239535104.0,40.85808563232422,0.5759000182151794,0.00011808847434104811,3.8764166831970215,3.8616836071014404,0.5350000262260437,4.18442192895132e-05,41.145748138427734,54.51041793823242,67.5919418334961,40.31166076660156,0.5872566103935242,9.428969950699214e-05,0.5213625431060791,0.6516766548156738,0.5132743120193481,7.324198235181983e-05,0.0,0.41840991377830505,0.02500000037252903,0.032054830342531204,13.15468692779541,0.022467847913503647,,,,,,,,,,post,0.999557226896286
19200,7.006157716205053e-07,1.0765504612209043e-06,6.349357590806903e-07,5.5099370399602776e-08,6.380883519341296e-07,5.766373156745885e-09,1.6712316437406116e-06,0.0046356311067938805,1.0,0.9992169141769409,0.000783085823059082,0.9992169141769409,41.32897186279297,133.96482849121094,90.12752532958984,40.98014450073242,0.5713274478912354,0.0001708735167340374,1.0444039106369019,1.0490942001342773,0.4749999940395355,0.0006985665613502079,41.1985969543457,52.282875061035156,62169292800.0,40.757564544677734,0.5748000144958496,0.0001175013189242685,3.860680341720581,3.8458385467529297,0.5350000262260437,3.945935095821242e-05,41.02558517456055,54.02324676513672,68.23851776123047,40.21472930908203,0.5866371393203735,9.21229243735838e-05,0.5212015509605408,0.6507844924926758,0.5132743120193481,7.40485767466056e-05,0.0,0.41827675700187683,0.02500000037252903,0.03192950412631035,13.193739891052246,0.018461279571056366,,,,,,,,,,post,0.9995996057987213
